nome,categoria,origem
"Achocolatado, pó",Açúcares e doces,TACO
"Açúcar, cristal",Açúcares e doces,TACO
"Açúcar, mascavo",Açúcares e doces,TACO
"Açúcar, refinado",Açúcares e doces,TACO
"Chocolate, ao leite",Açúcares e doces,TACO
"Chocolate, ao leite, com castanha do Pará",Açúcares e doces,TACO
"Chocolate, ao leite, dietético",Açúcares e doces,TACO
"Chocolate, meio amargo",Açúcares e doces,TACO
Cocada branca,Açúcares e doces,TACO
"Doce, de abóbora, cremoso",Açúcares e doces,TACO
"Doce, de leite, cremoso",Açúcares e doces,TACO
"Geléia, mocotó, natural",Açúcares e doces,TACO
Glicose de milho,Açúcares e doces,TACO
Maria mole,Açúcares e doces,TACO
"Maria mole, coco queimado",Açúcares e doces,TACO
Marmelada,Açúcares e doces,TACO
"Mel, de abelha",Açúcares e doces,TACO
Melado,Açúcares e doces,TACO
Quindim,Açúcares e doces,TACO
Rapadura,Açúcares e doces,TACO
Achocolatado (Ovomaltine),Açúcares e doces,TBCA 7.2
Achocolatado em pó,Açúcares e doces,TBCA 7.2
Achocolatado em pó (Nescau),Açúcares e doces,TBCA 7.2
Achocolatado em pó (Toddy),Açúcares e doces,TBCA 7.2
Açúcar,Açúcares e doces,TBCA 7.2
Açúcar,Açúcares e doces,TBCA 7.2
Açúcar cristal,Açúcares e doces,TBCA 7.2
Açúcar light (20% sacarose + edulcorante),Açúcares e doces,TBCA 7.2
Açúcar light (50% sacarose ou maltodextrina + edulcorante),Açúcares e doces,TBCA 7.2
Açúcar mascavo,Açúcares e doces,TBCA 7.2
Açúcar refinado,Açúcares e doces,TBCA 7.2
Aletria doce,Açúcares e doces,TBCA 7.2
Algodão doce,Açúcares e doces,TBCA 7.2
Ameixa de queijo,Açúcares e doces,TBCA 7.2
Baba de moça,Açúcares e doces,TBCA 7.2
Bala de caramelo,Açúcares e doces,TBCA 7.2
Bala de coco caseira,Açúcares e doces,TBCA 7.2
Bala de frutas,Açúcares e doces,TBCA 7.2
Bala dura,Açúcares e doces,TBCA 7.2
Bala gelatina,Açúcares e doces,TBCA 7.2
Banana flambada,Açúcares e doces,TBCA 7.2
Beijinho com coco ralado caseiro,Açúcares e doces,TBCA 7.2
Beijinho de lata (Moça),Açúcares e doces,TBCA 7.2
Bem casado com recheio de doce de leite e açúcar polvilhado,Açúcares e doces,TBCA 7.2
Biscoito  goiabinha com recheio de chocolate,Açúcares e doces,TBCA 7.2
Biscoito goiabinha com recheio de goiaba,Açúcares e doces,TBCA 7.2
Biscoito goiabinha integral com recheio de goiaba,Açúcares e doces,TBCA 7.2
Bolinrosa em lata (Moça),Açúcares e doces,TBCA 7.2
Bolo de chocolate com recheio de coco,Açúcares e doces,TBCA 7.2
Bolo de rolo,Açúcares e doces,TBCA 7.2
Bomba (profiteroles) com recheio de sorvete de creme e cobertura de chocolate,Açúcares e doces,TBCA 7.2
Bomba com recheio de brigadeiro e cobertura de chocolate,Açúcares e doces,TBCA 7.2
Bombom de avelã,Açúcares e doces,TBCA 7.2
Bombom de chocolate,Açúcares e doces,TBCA 7.2
Bombom de chocolate ao leite (Alpino),Açúcares e doces,TBCA 7.2
Bombom de chocolate ao leite (Lollo),Açúcares e doces,TBCA 7.2
Bombom de chocolate ao leite com flocos de arroz ao leite (Crunch),Açúcares e doces,TBCA 7.2
Bombom de chocolate ao leite com recheio cremoso de morango (Sensação),Açúcares e doces,TBCA 7.2
Bombom de chocolate ao leite com recheio de banana (Caribe),Açúcares e doces,TBCA 7.2
Bombom de chocolate ao leite com recheio de castanha de caju (Nougat),Açúcares e doces,TBCA 7.2
Bombom de chocolate ao leite e meio amargo com recheio cremoso de castanha de caju (Serenata de amor),Açúcares e doces,TBCA 7.2
Bombom de chocolate ao leite recheado com amendoim e caramelo (Charge),Açúcares e doces,TBCA 7.2
Bombom de chocolate ao leite recheado com amendoim e castanha de caju (Crocante),Açúcares e doces,TBCA 7.2
Bombom de chocolate ao leite recheado com caramelo (Smash),Açúcares e doces,TBCA 7.2
Bombom de chocolate ao leite recheado com coco (It de coco),Açúcares e doces,TBCA 7.2
Bombom de chocolate ao leite recheado com coco (Prestígio),Açúcares e doces,TBCA 7.2
Bombom de chocolate ao leite recheado com leite condensado caramelizado e flocos (Chokito),Açúcares e doces,TBCA 7.2
Bombom de chocolate branco (Galak),Açúcares e doces,TBCA 7.2
Bombom de chocolate branco com recheio de castanha de caju (Operata),Açúcares e doces,TBCA 7.2
Bombom de chocolate branco recheado com leite condensado caramelizado e flocos (Chokito),Açúcares e doces,TBCA 7.2
Bombom de leite em pó caseiro (com leite condensado),Açúcares e doces,TBCA 7.2
Bombom de leite em pó caseiro (com leite de coco),Açúcares e doces,TBCA 7.2
Bombom tipo Ferrero Rocher caseiro,Açúcares e doces,TBCA 7.2
Bombom tipo Rafaello caseiro,Açúcares e doces,TBCA 7.2
Brigadeiro com Amarula caseiro,Açúcares e doces,TBCA 7.2
Brigadeiro com chocolate ao leite caseiro,Açúcares e doces,TBCA 7.2
Brigadeiro lata (Moça),Açúcares e doces,TBCA 7.2
Brownie vegano,Açúcares e doces,TBCA 7.2
Cacau em pó sem açúcar,Açúcares e doces,TBCA 7.2
Cajuzinho,Açúcares e doces,TBCA 7.2
Calda de cacau vegano,Açúcares e doces,TBCA 7.2
Calda de chocolate,Açúcares e doces,TBCA 7.2
Calda de frutas,Açúcares e doces,TBCA 7.2
Calda de maracujá,Açúcares e doces,TBCA 7.2
Camafeu,Açúcares e doces,TBCA 7.2
Canudinho com recheio de brigadeiro,Açúcares e doces,TBCA 7.2
Canudinho com recheio de brigadeiro e cobertura de chocolate,Açúcares e doces,TBCA 7.2
Chantily em pó preparado (Chantineve),Açúcares e doces,TBCA 7.2
Chocolate amargo,Açúcares e doces,TBCA 7.2
Chocolate amargo (Garoto),Açúcares e doces,TBCA 7.2
Chocolate amargo (Garoto),Açúcares e doces,TBCA 7.2
Chocolate amargo (Lacta Amaro),Açúcares e doces,TBCA 7.2
Chocolate amargo (Nestlé Classic),Açúcares e doces,TBCA 7.2
Chocolate amargo 70% cacau (Neugebauer),Açúcares e doces,TBCA 7.2
Chocolate amargo dark & soft 50% cacau (Lacta),Açúcares e doces,TBCA 7.2
Chocolate amargo Dupy (Neugebauer),Açúcares e doces,TBCA 7.2
Chocolate ao leite,Açúcares e doces,TBCA 7.2
Chocolate ao leite (Garoto),Açúcares e doces,TBCA 7.2
Chocolate ao leite (Lacta),Açúcares e doces,TBCA 7.2
Chocolate ao leite (Nestle),Açúcares e doces,TBCA 7.2
Chocolate ao leite (Neugebauer),Açúcares e doces,TBCA 7.2
Chocolate ao leite com amendoim,Açúcares e doces,TBCA 7.2
Chocolate ao leite com avelã,Açúcares e doces,TBCA 7.2
Chocolate ao leite com castanha do Brasil,Açúcares e doces,TBCA 7.2
Chocolate ao leite com mel e torrone de amêndoas (Toblerone),Açúcares e doces,TBCA 7.2
Chocolate ao leite Dupy (Neugebauer),Açúcares e doces,TBCA 7.2
Chocolate branco,Açúcares e doces,TBCA 7.2
Chocolate com recheio de manteiga de amendoim (Reese`s),Açúcares e doces,TBCA 7.2
Chocolate em pó,Açúcares e doces,TBCA 7.2
Chocolate em pó solúvel,Açúcares e doces,TBCA 7.2
Chocolate granulado,Açúcares e doces,TBCA 7.2
Chocolate meio amargo,Açúcares e doces,TBCA 7.2
Cobertura de chocolate para bolo,Açúcares e doces,TBCA 7.2
Cobertura de maracujá para bolo,Açúcares e doces,TBCA 7.2
Cocada branca,Açúcares e doces,TBCA 7.2
Crème brûlée,Açúcares e doces,TBCA 7.2
Delícia de abacaxi,Açúcares e doces,TBCA 7.2
Doce árabe Ataif de nozes com calda de laranja,Açúcares e doces,TBCA 7.2
Doce de abóbora cremoso,Açúcares e doces,TBCA 7.2
Doce de feijão azuki,Açúcares e doces,TBCA 7.2
Doce de leite cremoso,Açúcares e doces,TBCA 7.2
Doce de leite de lata (Moça),Açúcares e doces,TBCA 7.2
Doce de massa folhada com doce de leite e açúcar,Açúcares e doces,TBCA 7.2
Docinho olho de sogra caramelizado,Açúcares e doces,TBCA 7.2
Fios de ovos com calda de açúcar caseiro,Açúcares e doces,TBCA 7.2
Flan de baunilha em pó preparado,Açúcares e doces,TBCA 7.2
Flan de chocolate em pó preparado (Oetker),Açúcares e doces,TBCA 7.2
Flan de leite caseiro,Açúcares e doces,TBCA 7.2
Flan em pó preparado,Açúcares e doces,TBCA 7.2
Fruta cristalizada,Açúcares e doces,TBCA 7.2
"Geladinho (sacolé, dindim) com leite integral, leite condensado, creme de leite, leite integral em pó e morango",Açúcares e doces,TBCA 7.2
"Geladinho (sacolé, dindim) com leite integral, leite condensado, leite de coco e coco ralado",Açúcares e doces,TBCA 7.2
"Geladinho (sacolé, dindim) com polpa congelada, água, amido de milho e açúcar",Açúcares e doces,TBCA 7.2
"Geladinho (sacolé, dindim) com polpa congelada, leite integral e leite condensado",Açúcares e doces,TBCA 7.2
"Geladinho (sacolé, dindim) com polpa congelada, leite integral, amido de milho e açúcar",Açúcares e doces,TBCA 7.2
"Geladinho (sacolé, dindim) com suco concentrado, água, amido de milho e açúcar",Açúcares e doces,TBCA 7.2
"Geladinho (sacolé, dindim) com suco concentrado, leite integral e leite condensado",Açúcares e doces,TBCA 7.2
"Geladinho (sacolé, dindim) com suco concentrado, leite integral, amido de milho e açúcar",Açúcares e doces,TBCA 7.2
"Geladinho (sacolé, dindim) com suco em pó, água, amido de milho e açúcar",Açúcares e doces,TBCA 7.2
"Geladinho (sacolé, dindim) com suco em pó, leite integral e leite condensado",Açúcares e doces,TBCA 7.2
"Geladinho (sacolé, dindim) com suco em pó, leite integral, amido de milho e açúcar",Açúcares e doces,TBCA 7.2
"Geladinho (sacolé, dindim) com suco em pó, leite integral, leite condensado, creme de leite e abacaxi",Açúcares e doces,TBCA 7.2
Gelatina em pó preparada,Açúcares e doces,TBCA 7.2
Geleia,Açúcares e doces,TBCA 7.2
Geleia de  morango  (Ritter),Açúcares e doces,TBCA 7.2
Geleia de abacaxi (Ritter),Açúcares e doces,TBCA 7.2
Geleia de framboesa (Ritter),Açúcares e doces,TBCA 7.2
Geleia de goiaba (Ritter),Açúcares e doces,TBCA 7.2
Geleia de laranja (Ritter),Açúcares e doces,TBCA 7.2
Geleia de mocotó natural,Açúcares e doces,TBCA 7.2
Geleia de uva (Ritter),Açúcares e doces,TBCA 7.2
Glacê marrom,Açúcares e doces,TBCA 7.2
Glicose de milho,Açúcares e doces,TBCA 7.2
Goma de mascar com açúcar,Açúcares e doces,TBCA 7.2
Maçã do amor,Açúcares e doces,TBCA 7.2
Manjar de coco com calda de ameixa,Açúcares e doces,TBCA 7.2
Maria mole,Açúcares e doces,TBCA 7.2
Maria mole de coco,Açúcares e doces,TBCA 7.2
Maria mole de coco queimado,Açúcares e doces,TBCA 7.2
Marmelada,Açúcares e doces,TBCA 7.2
Marshmallow,Açúcares e doces,TBCA 7.2
Marzipã,Açúcares e doces,TBCA 7.2
Massa brise diet assada,Açúcares e doces,TBCA 7.2
Massa de chesse cake,Açúcares e doces,TBCA 7.2
Mel de abelha,Açúcares e doces,TBCA 7.2
Melado cana,Açúcares e doces,TBCA 7.2
Merengue com frutas vermelhas,Açúcares e doces,TBCA 7.2
Mistura para mousse de chocolate preparada,Açúcares e doces,TBCA 7.2
Mistura para mousse de limão preparado,Açúcares e doces,TBCA 7.2
Mistura para mousse de maracujá preparado,Açúcares e doces,TBCA 7.2
Mistura para mousse preparada,Açúcares e doces,TBCA 7.2
Mistura para sagu de cereja preparada,Açúcares e doces,TBCA 7.2
Mistura para sagu de framboesa preparada,Açúcares e doces,TBCA 7.2
Mistura para sagu de morango preparada,Açúcares e doces,TBCA 7.2
Mistura para sagu de uva preparado,Açúcares e doces,TBCA 7.2
Mistura para sagu preparada,Açúcares e doces,TBCA 7.2
Mousse de uva,Açúcares e doces,TBCA 7.2
Olho de sogra,Açúcares e doces,TBCA 7.2
Paçoca de amendoim,Açúcares e doces,TBCA 7.2
Palha italiana,Açúcares e doces,TBCA 7.2
Pastel de nata,Açúcares e doces,TBCA 7.2
Pastel de nata,Açúcares e doces,TBCA 7.2
Pastel frito com recheio de brigadeiro,Açúcares e doces,TBCA 7.2
Pastel frito com recheio de doce de leite,Açúcares e doces,TBCA 7.2
Pavê de baunilha,Açúcares e doces,TBCA 7.2
Pavê de bombom,Açúcares e doces,TBCA 7.2
Pavê de morango,Açúcares e doces,TBCA 7.2
Pé de moça,Açúcares e doces,TBCA 7.2
Pé-de-moleque de amendoim,Açúcares e doces,TBCA 7.2
Petit gateau,Açúcares e doces,TBCA 7.2
Petit gateau com sorvete e calda de chocolate,Açúcares e doces,TBCA 7.2
Picolé industrializado com suco de fruta,Açúcares e doces,TBCA 7.2
Pudim de caramelo em pó preparado,Açúcares e doces,TBCA 7.2
Pudim de chocolate em pó preparado (Oetker),Açúcares e doces,TBCA 7.2
Pudim de coco em pó preparado (Oetker),Açúcares e doces,TBCA 7.2
Pudim de leite com calda de caramelo em pó preparado (Oetker),Açúcares e doces,TBCA 7.2
Pudim de morango em pó preparado (Oetker),Açúcares e doces,TBCA 7.2
Pudim em pó preparado,Açúcares e doces,TBCA 7.2
Queijadinha com coco,Açúcares e doces,TBCA 7.2
Quindim,Açúcares e doces,TBCA 7.2
Rapadura,Açúcares e doces,TBCA 7.2
Rocambole com recheado com doce de leite e nozes com cobertura de açúcar,Açúcares e doces,TBCA 7.2
Rocambole recheado com brigadeiro e cobertura de cacau em pó,Açúcares e doces,TBCA 7.2
Rocambole recheado com doce de leite e cobertura de açúcar,Açúcares e doces,TBCA 7.2
Sagu de mandioca preparado com suco de uva e açúcar,Açúcares e doces,TBCA 7.2
Sagu de mandioca preparado com vinho tinto e açúcar,Açúcares e doces,TBCA 7.2
Sorvete industrializado,Açúcares e doces,TBCA 7.2
Sorvete na casquinha industrializado,Açúcares e doces,TBCA 7.2
Sorvete sundae,Açúcares e doces,TBCA 7.2
Strudel de maçã,Açúcares e doces,TBCA 7.2
Suspiro merengue caseiro,Açúcares e doces,TBCA 7.2
Suspiro merengue recheado com doce de leite,Açúcares e doces,TBCA 7.2
Terrine cappucino,Açúcares e doces,TBCA 7.2
Torrone com amêndoas,Açúcares e doces,TBCA 7.2
Toucinho do céu,Açúcares e doces,TBCA 7.2
Trufa de chocolate com cereja,Açúcares e doces,TBCA 7.2
Trufa de chocolate com cereja e licor,Açúcares e doces,TBCA 7.2
Waffle,Açúcares e doces,TBCA 7.2
Waffle com morango e mel,Açúcares e doces,TBCA 7.2
"Canjão desidratado - galinha, arroz e legumes",Alimentos industrializados,TBCA
Chantily em pó,Alimentos industrializados,TBCA
Chantily em pó (Chantineve),Alimentos industrializados,TBCA
Chantily em pó (Ducoco),Alimentos industrializados,TBCA
Flan de baunilha em pó,Alimentos industrializados,TBCA
Flan de chocolate em pó,Alimentos industrializados,TBCA
Flan de chocolate em pó,Alimentos industrializados,TBCA
Flan de coco em pó,Alimentos industrializados,TBCA
Flan em pó,Alimentos industrializados,TBCA
Gelatina de abacaxi em pó (Ducoco),Alimentos industrializados,TBCA
Gelatina de abacaxi em pó (Oetker),Alimentos industrializados,TBCA
Gelatina de cereja em pó,Alimentos industrializados,TBCA
Gelatina de cereja em pó,Alimentos industrializados,TBCA
Gelatina de framboesa em pó (Ducoco),Alimentos industrializados,TBCA
Gelatina de framboesa em pó (Oetker),Alimentos industrializados,TBCA
Gelatina de limão em pó (Ducoco),Alimentos industrializados,TBCA
Gelatina de limão em pó (Oetker),Alimentos industrializados,TBCA
Gelatina de maracujá em pó (Ducoco),Alimentos industrializados,TBCA
Gelatina de morango em pó (Ducoco),Alimentos industrializados,TBCA
Gelatina de morango em pó (Oetker),Alimentos industrializados,TBCA
Gelatina de pêssego em pó (Oetker),Alimentos industrializados,TBCA
Gelatina de tuti-fruti em pó (Oetker),Alimentos industrializados,TBCA
Gelatina de uva em pó (Ducoco),Alimentos industrializados,TBCA
Gelatina de uva em pó (Oetker),Alimentos industrializados,TBCA
Gelatina em pó,Alimentos industrializados,TBCA
Gelatina sem sabor em pó,Alimentos industrializados,TBCA
Manjar de coco em pó,Alimentos industrializados,TBCA
Maria mole de chocolate em pó,Alimentos industrializados,TBCA
Maria mole de chocolate em pó (Ducoco),Alimentos industrializados,TBCA
Maria mole de chocolate em pó (Oetker),Alimentos industrializados,TBCA
Maria mole de coco em pó (Ducoco),Alimentos industrializados,TBCA
Maria mole de coco em pó (Oetker),Alimentos industrializados,TBCA
Maria mole de coco queimado em pó (Ducoco),Alimentos industrializados,TBCA
Maria mole de coco queimado em pó (Oetker),Alimentos industrializados,TBCA
Maria mole de morango em pó,Alimentos industrializados,TBCA
Maria mole de morango em pó (Ducoco),Alimentos industrializados,TBCA
Maria mole de morango em pó (Oetker),Alimentos industrializados,TBCA
Mingau tradicional em pó,Alimentos industrializados,TBCA
Missôshiru de frango em pó,Alimentos industrializados,TBCA
Missôshiru de legumes em pó,Alimentos industrializados,TBCA
Missoshiru em pó,Alimentos industrializados,TBCA
Missôshiru tradicional em pó,Alimentos industrializados,TBCA
Mistura para bolo,Alimentos industrializados,TBCA
Mistura para bolo de baunilha,Alimentos industrializados,TBCA
Mistura para bolo de chocolate,Alimentos industrializados,TBCA
Mistura para bolo de coco,Alimentos industrializados,TBCA
Mistura para bolo de laranja,Alimentos industrializados,TBCA
Mistura para bolo mármore,Alimentos industrializados,TBCA
Mistura para curau de milho,Alimentos industrializados,TBCA
Mistura para mousse de chocolate,Alimentos industrializados,TBCA
Mistura para mousse de limão,Alimentos industrializados,TBCA
Mistura para mousse de maracujá,Alimentos industrializados,TBCA
Mistura para pão de queijo,Alimentos industrializados,TBCA
Mistura para pudim,Alimentos industrializados,TBCA
Mistura para pudim brigadeirão com chocolate granulado,Alimentos industrializados,TBCA
Mistura para pudim de baunilha,Alimentos industrializados,TBCA
Mistura para pudim de baunilha (Ducoco),Alimentos industrializados,TBCA
Mistura para pudim de baunilha (Oetker),Alimentos industrializados,TBCA
Mistura para pudim de caramelo (Oetker),Alimentos industrializados,TBCA
Mistura para pudim de chocolate (Oetker),Alimentos industrializados,TBCA
Mistura para pudim de chocolate com coco (Ducoco),Alimentos industrializados,TBCA
Mistura para pudim de coco,Alimentos industrializados,TBCA
Mistura para pudim de coco (Ducoco),Alimentos industrializados,TBCA
Mistura para pudim de coco (Oetker),Alimentos industrializados,TBCA
Mistura para pudim de leite (Ducoco),Alimentos industrializados,TBCA
Mistura para pudim de leite com calda caramelo (Oetker),Alimentos industrializados,TBCA
Mistura para pudim de morango (Oetker),Alimentos industrializados,TBCA
Mistura para sagu,Alimentos industrializados,TBCA
Mistura para sagu de framboesa (Ducoco),Alimentos industrializados,TBCA
Mistura para sagu de maracujá (Ducoco),Alimentos industrializados,TBCA
Mistura para sagu de morango (Ducoco),Alimentos industrializados,TBCA
Mistura para sagu de morango (oetker),Alimentos industrializados,TBCA
Mistura para sagu de uva (Ducoco),Alimentos industrializados,TBCA
Mistura para sagu de uva (oetker),Alimentos industrializados,TBCA
Chantily em pó,Alimentos industrializados,TBCA 7.2
Chantily em pó (Chantineve),Alimentos industrializados,TBCA 7.2
Flan de baunilha emm pó (Ducoco),Alimentos industrializados,TBCA 7.2
Flan de chocolate em pó (Oetker),Alimentos industrializados,TBCA 7.2
Flan de chocolate em pó (Oetker),Alimentos industrializados,TBCA 7.2
Flan de coco em pó (Ducoco),Alimentos industrializados,TBCA 7.2
Flan em pó,Alimentos industrializados,TBCA 7.2
Gelatina de abacaxi em pó (Ducoco),Alimentos industrializados,TBCA 7.2
Gelatina de abacaxi em pó (Oetker),Alimentos industrializados,TBCA 7.2
Gelatina de cereja em pó (Ducoco),Alimentos industrializados,TBCA 7.2
Gelatina de cereja em pó (Oetker),Alimentos industrializados,TBCA 7.2
Gelatina de framboesa em pó (Ducoco),Alimentos industrializados,TBCA 7.2
Gelatina de framboesa em pó (Oetker),Alimentos industrializados,TBCA 7.2
Gelatina de limão em pó (Ducoco),Alimentos industrializados,TBCA 7.2
Gelatina de limão em pó (Oetker),Alimentos industrializados,TBCA 7.2
Gelatina de maracujá  em pó (Ducoco),Alimentos industrializados,TBCA 7.2
Gelatina de morango em pó (Oetker),Alimentos industrializados,TBCA 7.2
Gelatina de pêssego em pó (Oetker),Alimentos industrializados,TBCA 7.2
Gelatina de tutti-frutti em pó (Oetker),Alimentos industrializados,TBCA 7.2
Gelatina de uva em pó (Ducoco),Alimentos industrializados,TBCA 7.2
Gelatina de uva em pó (Oetker),Alimentos industrializados,TBCA 7.2
Gelatina em pó,Alimentos industrializados,TBCA 7.2
Gelatina sem sabor em pó,Alimentos industrializados,TBCA 7.2
Maria mole chocolate em pó,Alimentos industrializados,TBCA 7.2
Maria mole de chocolate em pó (Oetker),Alimentos industrializados,TBCA 7.2
Maria mole de coco em pó (Oetker),Alimentos industrializados,TBCA 7.2
Maria mole de morango em pó(Oetker),Alimentos industrializados,TBCA 7.2
Maria mole demorango em pó,Alimentos industrializados,TBCA 7.2
Mingau tradicional em pó,Alimentos industrializados,TBCA 7.2
Missôshiru de frango em pó,Alimentos industrializados,TBCA 7.2
Missôshiru de legumes em pó,Alimentos industrializados,TBCA 7.2
Missoshiru em pó,Alimentos industrializados,TBCA 7.2
Missôshiru tradicional em pó,Alimentos industrializados,TBCA 7.2
Mistura para bolo,Alimentos industrializados,TBCA 7.2
Mistura para bolo,Alimentos industrializados,TBCA 7.2
Mistura para bolo de baunilha (Oetker),Alimentos industrializados,TBCA 7.2
Mistura para bolo de chocolate (Oetker),Alimentos industrializados,TBCA 7.2
Mistura para bolo de coco,Alimentos industrializados,TBCA 7.2
Mistura para bolo de laranja,Alimentos industrializados,TBCA 7.2
Mistura para bolo mármore,Alimentos industrializados,TBCA 7.2
Mistura para curau de milho,Alimentos industrializados,TBCA 7.2
Mistura para mousse de chocolate (Oetker),Alimentos industrializados,TBCA 7.2
Mistura para pão de queijo,Alimentos industrializados,TBCA 7.2
Mistura para pão de queijo,Alimentos industrializados,TBCA 7.2
Mistura para pão de queijo Hikari,Alimentos industrializados,TBCA 7.2
Mistura para pudim,Alimentos industrializados,TBCA 7.2
Mistura para pudim caramelo (Oetker),Alimentos industrializados,TBCA 7.2
Mistura para pudim de baunilha,Alimentos industrializados,TBCA 7.2
Mistura para pudim de baunilha (Oetker),Alimentos industrializados,TBCA 7.2
Mistura para pudim de baunilha (Oetker),Alimentos industrializados,TBCA 7.2
Mistura para pudim de coco,Alimentos industrializados,TBCA 7.2
Mistura para pudim de coco (Oetker),Alimentos industrializados,TBCA 7.2
Mistura para pudim de morango,Alimentos industrializados,TBCA 7.2
Mistura para sagu,Alimentos industrializados,TBCA 7.2
Mistura para sagu de morango (Oetker),Alimentos industrializados,TBCA 7.2
Mistura para sagu de uva (Dr. Oetker),Alimentos industrializados,TBCA 7.2
Pudim de leite com calda de caramelo em pó (Oetker),Alimentos industrializados,TBCA 7.2
Adoçante aspartame em pó,Alimentos para fins especiais,TBCA
Adoçante sacarina em pó,Alimentos para fins especiais,TBCA
Adoçante sucralose em pó,Alimentos para fins especiais,TBCA
Arroz doce light,Alimentos para fins especiais,TBCA
Arroz doce light,Alimentos para fins especiais,TBCA
Atum sólido em conserva light,Alimentos para fins especiais,TBCA
Bala diet,Alimentos para fins especiais,TBCA
Barra de cereal diet,Alimentos para fins especiais,TBCA
Bebida láctea de morango light,Alimentos para fins especiais,TBCA
Biscoito doce diet,Alimentos para fins especiais,TBCA
Biscoito doce light,Alimentos para fins especiais,TBCA
Biscoito recheado diet,Alimentos para fins especiais,TBCA
Biscoito recheado light,Alimentos para fins especiais,TBCA
Biscoito salgado  light,Alimentos para fins especiais,TBCA
Biscoito wafer diet/light,Alimentos para fins especiais,TBCA
Bolo de cenoura diet caseiro simples,Alimentos para fins especiais,TBCA
Bolo de chocolate diet caseiro simples,Alimentos para fins especiais,TBCA
Bolo de laranja diet caseiro simples,Alimentos para fins especiais,TBCA
Chá de limão light (lata/garrafa),Alimentos para fins especiais,TBCA
Chá de pêssego light (lata/garrafa),Alimentos para fins especiais,TBCA
Chocolate ao leite dietético,Alimentos para fins especiais,TBCA
Chocolate em pó,Alimentos para fins especiais,TBCA
Cream cheese light,Alimentos para fins especiais,TBCA
Doce de amendoim diet,Alimentos para fins especiais,TBCA
Doce de leite diet,Alimentos para fins especiais,TBCA
Gelatina de abacaxi em pó diet (Ducoco),Alimentos para fins especiais,TBCA
Gelatina de abacaxi em pó diet (Oetker),Alimentos para fins especiais,TBCA
Gelatina de abacaxi em pó preparada diet,Alimentos para fins especiais,TBCA
Gelatina de cereja em pó diet (Ducoco),Alimentos para fins especiais,TBCA
Gelatina de cereja em pó diet (Oetker),Alimentos para fins especiais,TBCA
Gelatina de cereja em pó preparada diet,Alimentos para fins especiais,TBCA
Gelatina de framboesa em pó diet (Ducoco),Alimentos para fins especiais,TBCA
Gelatina de framboesa em pó diet (Oetker),Alimentos para fins especiais,TBCA
Gelatina de framboesa em pó preparada diet,Alimentos para fins especiais,TBCA
Gelatina de limão em pó diet (Ducoco),Alimentos para fins especiais,TBCA
Gelatina de limão em pó diet (Oetker),Alimentos para fins especiais,TBCA
Gelatina de limão em pó preparada diet,Alimentos para fins especiais,TBCA
Gelatina de morango em pó diet (Ducoco),Alimentos para fins especiais,TBCA
Gelatina de morango em pó diet (Oetker),Alimentos para fins especiais,TBCA
Gelatina de morango em pó preparada diet,Alimentos para fins especiais,TBCA
Gelatina de uva em pó diet,Alimentos para fins especiais,TBCA
Gelatina em pó diet,Alimentos para fins especiais,TBCA
Gelatina em pó preparada diet,Alimentos para fins especiais,TBCA
Geleia sem açúcar,Alimentos para fins especiais,TBCA
Goiabada diet,Alimentos para fins especiais,TBCA
Goma de mascar diet,Alimentos para fins especiais,TBCA
Iogurte de frutas diet,Alimentos para fins especiais,TBCA
Leite de vaca integral sem lactose,Alimentos para fins especiais,TBCA
Massa brise light,Alimentos para fins especiais,TBCA
Milho para pipoca de microondas cru light,Alimentos para fins especiais,TBCA
Milho para pipoca de microondas light,Alimentos para fins especiais,TBCA
Milho para pipoca de microondas light preparado,Alimentos para fins especiais,TBCA
Mistura para pudim de baunilha diet,Alimentos para fins especiais,TBCA
Mistura para pudim de caramelo diet (Ducoco),Alimentos para fins especiais,TBCA
Mistura para pudim de caramelo diet (Oetker),Alimentos para fins especiais,TBCA
Mistura para pudim de chocolate diet (Ducoco),Alimentos para fins especiais,TBCA
Mistura para pudim de chocolate diet (Oetker),Alimentos para fins especiais,TBCA
Mistura para pudim de coco diet (Ducoco),Alimentos para fins especiais,TBCA
Mistura para pudim de coco diet (Oetker),Alimentos para fins especiais,TBCA
Mistura para pudim diet,Alimentos para fins especiais,TBCA
Molho de soja premium light,Alimentos para fins especiais,TBCA
Molho italiano light,Alimentos para fins especiais,TBCA
Molho parmesão light,Alimentos para fins especiais,TBCA
Mortadela light,Alimentos para fins especiais,TBCA
Pão de forma com aveia e fibras diet,Alimentos para fins especiais,TBCA
Pão de forma com fibras,Alimentos para fins especiais,TBCA
Pão de forma diet/light,Alimentos para fins especiais,TBCA
Pão de mel com cobertura de chocolate diet,Alimentos para fins especiais,TBCA
Pizza portuguesa light,Alimentos para fins especiais,TBCA
Queijo minas frescal light,Alimentos para fins especiais,TBCA
Queijo minas frescal light (Danúbio),Alimentos para fins especiais,TBCA
Queijo minas padrão 0 gordura,Alimentos para fins especiais,TBCA
Queijo minas padrão light (Teixeira),Alimentos para fins especiais,TBCA
Queijo muçarela/mussarela light,Alimentos para fins especiais,TBCA
Queijo pasteurizado com teor reduzido de gorduras,Alimentos para fins especiais,TBCA
Refresco em pó diet não preparado,Alimentos para fins especiais,TBCA
Refrigerante com adoçante,Alimentos para fins especiais,TBCA
Refrigerante tipo água tônica zero açúcar,Alimentos para fins especiais,TBCA
Refrigerante tipo cola zero açúcar,Alimentos para fins especiais,TBCA
Refrigerante tipo guaraná zero açúcar,Alimentos para fins especiais,TBCA
Refrigerante tipo laranja zero açúcar,Alimentos para fins especiais,TBCA
Refrigerante tipo limão zero açúcar,Alimentos para fins especiais,TBCA
Requeijão 0 gordura (Danúbio),Alimentos para fins especiais,TBCA
Requeijão light (Danúbio),Alimentos para fins especiais,TBCA
Ricota light,Alimentos para fins especiais,TBCA
Salgadinho assado light,Alimentos para fins especiais,TBCA
Salsicha light,Alimentos para fins especiais,TBCA
Sorvete industrializado diet,Alimentos para fins especiais,TBCA
Substituto de refeição em pó,Alimentos para fins especiais,TBCA
Suplemento à base de proteina em pó,Alimentos para fins especiais,TBCA
Sustagen (Nestle),Alimentos para fins especiais,TBCA
Adoçante aspartame em pó,Alimentos para fins especiais,TBCA 7.2
Adoçante sacarina em pó,Alimentos para fins especiais,TBCA 7.2
Adoçante sucralose em pó,Alimentos para fins especiais,TBCA 7.2
Arroz doce light,Alimentos para fins especiais,TBCA 7.2
Arroz integral doce light,Alimentos para fins especiais,TBCA 7.2
Atum sólido light em conserva,Alimentos para fins especiais,TBCA 7.2
Bala diet,Alimentos para fins especiais,TBCA 7.2
Barra de cereal diet,Alimentos para fins especiais,TBCA 7.2
Bebida láctea morango light (Corpus),Alimentos para fins especiais,TBCA 7.2
Bebida substituta de refeição em pó,Alimentos para fins especiais,TBCA 7.2
Bebida substituta de refeição preparada,Alimentos para fins especiais,TBCA 7.2
Biscoito doce diet,Alimentos para fins especiais,TBCA 7.2
Biscoito doce light,Alimentos para fins especiais,TBCA 7.2
Biscoito doce recheado diet,Alimentos para fins especiais,TBCA 7.2
Biscoito doce recheado light,Alimentos para fins especiais,TBCA 7.2
Biscoito salgado light,Alimentos para fins especiais,TBCA 7.2
Biscoito wafer diet/light,Alimentos para fins especiais,TBCA 7.2
Bolo de cenoura diet caseiro,Alimentos para fins especiais,TBCA 7.2
Bolo de chocolate simples diet caseiro,Alimentos para fins especiais,TBCA 7.2
Bolo de laranja diet caseiro,Alimentos para fins especiais,TBCA 7.2
Chá de limão (lata/garrafa) light,Alimentos para fins especiais,TBCA 7.2
Chá de pêssego (lata/garrafa) light,Alimentos para fins especiais,TBCA 7.2
Chocolate ao leite dietético,Alimentos para fins especiais,TBCA 7.2
Cream cheese light (Danúbio),Alimentos para fins especiais,TBCA 7.2
Doce de amendoim diet,Alimentos para fins especiais,TBCA 7.2
Doce de leite diet,Alimentos para fins especiais,TBCA 7.2
Gelatina de abacaxi em pó diet (Oetker),Alimentos para fins especiais,TBCA 7.2
Gelatina de abacaxi em pó preparada diet (Oetker),Alimentos para fins especiais,TBCA 7.2
Gelatina de cereja em pó diet (Oetker),Alimentos para fins especiais,TBCA 7.2
Gelatina de cereja em pó preparada diet(Oetker),Alimentos para fins especiais,TBCA 7.2
Gelatina de framboesa diet em pó,Alimentos para fins especiais,TBCA 7.2
Gelatina de framboesa diet em pó preparada (Oetker),Alimentos para fins especiais,TBCA 7.2
Gelatina de limão diet em pó preparada,Alimentos para fins especiais,TBCA 7.2
Gelatina de limão em pó diet (Oetker),Alimentos para fins especiais,TBCA 7.2
Gelatina de morango diet em pó preparada,Alimentos para fins especiais,TBCA 7.2
Gelatina de morango em pó diet (Oetker),Alimentos para fins especiais,TBCA 7.2
Gelatina em pó diet,Alimentos para fins especiais,TBCA 7.2
Gelatina em pó preparada diet,Alimentos para fins especiais,TBCA 7.2
Geleia sem açúcar,Alimentos para fins especiais,TBCA 7.2
Geleia sem açúcar,Alimentos para fins especiais,TBCA 7.2
Goiabada diet,Alimentos para fins especiais,TBCA 7.2
Goma de mascar diet,Alimentos para fins especiais,TBCA 7.2
Iogurte de frutas diet,Alimentos para fins especiais,TBCA 7.2
Leite de vaca sem lactose integral,Alimentos para fins especiais,TBCA 7.2
Leite de vaca sem lactose semidesnatado,Alimentos para fins especiais,TBCA 7.2
Macarrão intantâneo light,Alimentos para fins especiais,TBCA 7.2
Maionese light brasil,Alimentos para fins especiais,TBCA 7.2
Massa brise light assada,Alimentos para fins especiais,TBCA 7.2
Milho de pipoc para micro-ondas cru light  (Hikari),Alimentos para fins especiais,TBCA 7.2
Milho de pipoca para micro-ondas light cru,Alimentos para fins especiais,TBCA 7.2
Milho de pipoca para micro-ondas light preparado,Alimentos para fins especiais,TBCA 7.2
Mistura para pudim de baunilha diet,Alimentos para fins especiais,TBCA 7.2
Mistura para pudim de caramelo diet (Oetker),Alimentos para fins especiais,TBCA 7.2
Mistura para pudim de chocolate (Oetker),Alimentos para fins especiais,TBCA 7.2
Mistura para pudim de chocolate diet,Alimentos para fins especiais,TBCA 7.2
Mistura para pudim de coco diet (Oetker),Alimentos para fins especiais,TBCA 7.2
Mistura para pudim diet,Alimentos para fins especiais,TBCA 7.2
Molho de soja premium light (Sakura),Alimentos para fins especiais,TBCA 7.2
Molho parmesan light (Kenko),Alimentos para fins especiais,TBCA 7.2
Mortadela light,Alimentos para fins especiais,TBCA 7.2
Pão de forma com aveia e fibras diet,Alimentos para fins especiais,TBCA 7.2
Pão de forma diet/light,Alimentos para fins especiais,TBCA 7.2
Pão de mel com cobertura de chocolate diet,Alimentos para fins especiais,TBCA 7.2
Pizza portuguesa light,Alimentos para fins especiais,TBCA 7.2
Pudim de caramelo com leite condensado diet (Oetker),Alimentos para fins especiais,TBCA 7.2
Queijo minas frescal light,Alimentos para fins especiais,TBCA 7.2
Queijo minas frescal light (Danubio),Alimentos para fins especiais,TBCA 7.2
Queijo minas padrão light (Teixeira),Alimentos para fins especiais,TBCA 7.2
Queijo minas padrão zero gordura,Alimentos para fins especiais,TBCA 7.2
Queijo muçarela light,Alimentos para fins especiais,TBCA 7.2
Queijo pasteurizado reduzido de lipídeos,Alimentos para fins especiais,TBCA 7.2
Refresco em pó diet não preparado,Alimentos para fins especiais,TBCA 7.2
Refrigerante com adoçante,Alimentos para fins especiais,TBCA 7.2
Refrigerante tipo água tônica com adoçante,Alimentos para fins especiais,TBCA 7.2
Refrigerante tipo cola com adoçante,Alimentos para fins especiais,TBCA 7.2
Refrigerante tipo guaraná com adoçante,Alimentos para fins especiais,TBCA 7.2
Refrigerante tipo laranja com adoçante,Alimentos para fins especiais,TBCA 7.2
Refrigerante tipo limão com adoçante,Alimentos para fins especiais,TBCA 7.2
Requejão zero gordura (Danubio),Alimentos para fins especiais,TBCA 7.2
Ricota light,Alimentos para fins especiais,TBCA 7.2
Salgadinho assado light,Alimentos para fins especiais,TBCA 7.2
Salsicha light,Alimentos para fins especiais,TBCA 7.2
Sorvete industrializado diet,Alimentos para fins especiais,TBCA 7.2
Suplemento à base de proteína em pó,Alimentos para fins especiais,TBCA 7.2
Suplemento nutricional (Sustagen),Alimentos para fins especiais,TBCA 7.2
"Bebida isotônica, sabores variados",Bebidas,TACO
"Café, infusão 10%",Bebidas,TACO
"Cerveja, pilsen 2",Bebidas,TACO
"Chá, erva-doce, infusão 5%",Bebidas,TACO
"Chá, mate, infusão 5%",Bebidas,TACO
"Chá, preto, infusão 5%",Bebidas,TACO
"Coco, água de",Bebidas,TACO
"Refrigerante, tipo água tônica",Bebidas,TACO
"Refrigerante, tipo cola",Bebidas,TACO
"Refrigerante, tipo guaraná",Bebidas,TACO
"Refrigerante, tipo laranja",Bebidas,TACO
"Refrigerante, tipo limão",Bebidas,TACO
Água,Bebidas,TBCA
Aguardente (cachaça),Bebidas,TBCA
Amarula caseira,Bebidas,TBCA
Batida de maracujá com álcool,Bebidas,TBCA
Bebida alcoólica destilada (teor alcoólico 33%),Bebidas,TBCA
Bebida alcoólica destilada (teor alcoólico 36%),Bebidas,TBCA
Bebida alcoólica destilada (teor alcoólico 39%),Bebidas,TBCA
Bebida alcoólica destilada (teor alcoólico 42%),Bebidas,TBCA
Bebida energética,Bebidas,TBCA
Bebida isotônica,Bebidas,TBCA
Bebida Smirnoff ice,Bebidas,TBCA
Café coado (intenso),Bebidas,TBCA
Café coado (intenso) com açúcar,Bebidas,TBCA
Café coado (intenso) com extrato de soja natural,Bebidas,TBCA
Café coado (intenso) com extrato de soja natural e açúcar,Bebidas,TBCA
Café coado (intenso) com farinha de mandioca,Bebidas,TBCA
Café coado (intenso) com leite desnatado,Bebidas,TBCA
Café coado (intenso) com leite desnatado e açúcar,Bebidas,TBCA
Café coado (suave),Bebidas,TBCA
Café coado (suave) com açúcar,Bebidas,TBCA
Café coado (suave) com leite,Bebidas,TBCA
Café coado (suave) com leite desnatado,Bebidas,TBCA
Café coado (suave) com leite desnatado e açúcar,Bebidas,TBCA
Café coado (suave) com leite e açúcar,Bebidas,TBCA
Café coado descafeinado,Bebidas,TBCA
Café coado descafeinado (intenso),Bebidas,TBCA
Café coado descafeinado (intenso) com leite,Bebidas,TBCA
Café coado descafeinado (intenso) com leite desnatado,Bebidas,TBCA
Café coado descafeinado (intenso) com leite desnatado e açúcar,Bebidas,TBCA
Café coado descafeinado (intenso) com leite e açúcar,Bebidas,TBCA
Café coado descafeinado (suave),Bebidas,TBCA
Café coado descafeinado (suave) com açúcar,Bebidas,TBCA
Café coado descafeinado (suave) com leite,Bebidas,TBCA
Café coado descafeinado (suave) com leite,Bebidas,TBCA
Café coado descafeinado (suave) com leite desnatado,Bebidas,TBCA
Café coado descafeinado (suave) com leite desnatado e açúcar,Bebidas,TBCA
Café coado descafeinado com açúcar,Bebidas,TBCA
Café com leite,Bebidas,TBCA
Café com leite e açúcar,Bebidas,TBCA
Caipirinha,Bebidas,TBCA
Caldo de cana (garapa),Bebidas,TBCA
"Capuccino - leite desnatado, café descafeinado e cacau em pó",Bebidas,TBCA
"Capuccino - leite desnatado, café descafeinado e chocolate em pó",Bebidas,TBCA
"Capuccino - leite desnatado, café descafeinado, cacau em pó e açúcar",Bebidas,TBCA
"Capuccino - leite desnatado, café descafeinado, chocolate em pó e açúcar",Bebidas,TBCA
"Capuccino - leite desnatado, café e cacau em pó",Bebidas,TBCA
"Capuccino - leite desnatado, café e chocolate em pó",Bebidas,TBCA
"Capuccino - leite desnatado, café, cacau em pó e açúcar",Bebidas,TBCA
"Capuccino - leite desnatado, café, chocolate em pó e açúcar",Bebidas,TBCA
"Capuccino - leite integral, café descafeinado e cacau em pó",Bebidas,TBCA
"Capuccino - leite integral, café descafeinado e chocolate em pó",Bebidas,TBCA
"Capuccino - leite integral, café descafeinado, cacau em pó e açúcar",Bebidas,TBCA
"Capuccino - leite integral, café descafeinado, chocolate em pó e açúcar",Bebidas,TBCA
"Capuccino - leite, café e achocolatado em pó",Bebidas,TBCA
"Capuccino - leite, café, achocolatado em pó e açúcar",Bebidas,TBCA
"Capuccino tradicional - leite desnatado, café descafeinado e canela em pó",Bebidas,TBCA
"Capuccino tradicional - leite desnatado, café descafeinado, canela em pó e açúcar",Bebidas,TBCA
"Capuccino tradicional - leite desnatado, café e canela em pó",Bebidas,TBCA
"Capuccino tradicional - leite desnatado, café, canela em pó e açúcar",Bebidas,TBCA
"Capuccino tradicional - leite integral, café descafeinado e canela em pó",Bebidas,TBCA
"Capuccino tradicional - leite integral, café descafeinado, canela em pó e açúcar",Bebidas,TBCA
"Capuccino tradicional - leite integral, café e canela em pó",Bebidas,TBCA
"Capuccino tradicional - leite integral, café, canela em pó e açúcar",Bebidas,TBCA
Cerveja Pilsen,Bebidas,TBCA
Cerveja sem álcool,Bebidas,TBCA
Chá,Bebidas,TBCA
Chá com açúcar,Bebidas,TBCA
Chá de Anador,Bebidas,TBCA
Chá de camomila,Bebidas,TBCA
Chá de camomila com açúcar,Bebidas,TBCA
Chá de capim-santo,Bebidas,TBCA
Chá de capim-santo com açúcar,Bebidas,TBCA
Chá de cidreira,Bebidas,TBCA
Chá de cidreira com açúcar,Bebidas,TBCA
Chá de colônia,Bebidas,TBCA
Chá de eparema,Bebidas,TBCA
Chá de erva-doce,Bebidas,TBCA
Chá de erva-doce com açúcar,Bebidas,TBCA
Chá de erva-doce com açúcar,Bebidas,TBCA
Chá de hortelã,Bebidas,TBCA
Chá de hortelã com açúcar,Bebidas,TBCA
Chá de limão (lata/garrafa),Bebidas,TBCA
Chá de malva-santa,Bebidas,TBCA
Chá de malvariço,Bebidas,TBCA
Chá de mastruço,Bebidas,TBCA
Chá de mentrasto,Bebidas,TBCA
Chá de pêssego (lata/garrafa),Bebidas,TBCA
Chá mate,Bebidas,TBCA
Chá mate com açúcar,Bebidas,TBCA
Chá preto,Bebidas,TBCA
Chá preto com açúcar,Bebidas,TBCA
Chimarrão (erva-mate),Bebidas,TBCA
Conhaque,Bebidas,TBCA
Coquetel de frutas,Bebidas,TBCA
Coquetel de frutas com álcool,Bebidas,TBCA
Cuba libre,Bebidas,TBCA
Espanhola,Bebidas,TBCA
Extrato de soja natural com achocolatado em pó,Bebidas,TBCA
Extrato de soja natural com cacau em pó,Bebidas,TBCA
Extrato de soja natural com cacau em pó e açúcar,Bebidas,TBCA
Extrato de soja natural com chocolate em pó,Bebidas,TBCA
Extrato de soja natural com chocolate em pó e açúcar,Bebidas,TBCA
Grappa,Bebidas,TBCA
Leite com achocolatado em pó,Bebidas,TBCA
Leite de onça,Bebidas,TBCA
Leite desnatado com achocolatado em pó,Bebidas,TBCA
Leite desnatado com cacau em pó,Bebidas,TBCA
Leite desnatado com cacau em pó e açúcar,Bebidas,TBCA
Leite desnatado com chocolate em pó,Bebidas,TBCA
Leite desnatado com chocolate em pó e açúcar,Bebidas,TBCA
Leite integral com achocolatado em pó,Bebidas,TBCA
Leite integral com cacau em pó,Bebidas,TBCA
Leite integral com cacau em pó e açúcar,Bebidas,TBCA
Leite integral com chocolate em pó,Bebidas,TBCA
Leite integral com chocolate em pó e açúcar,Bebidas,TBCA
"Milk shake (leite integral, sorvete, extrato de baunilha e calda de chocolate)",Bebidas,TBCA
Pina colada,Bebidas,TBCA
Pisco sour,Bebidas,TBCA
Ponche de frutas com álcool,Bebidas,TBCA
Ponche de frutas sem álcool,Bebidas,TBCA
Quentão,Bebidas,TBCA
Quentão de vinho,Bebidas,TBCA
Quentão de vinho com gemada,Bebidas,TBCA
Refresco de groselha,Bebidas,TBCA
Refresco em pó preparado com água,Bebidas,TBCA
Refrigerante,Bebidas,TBCA
Refrigerante tipo água tônica,Bebidas,TBCA
Refrigerante tipo cola,Bebidas,TBCA
Refrigerante tipo guaraná,Bebidas,TBCA
Refrigerante tipo laranja,Bebidas,TBCA
Refrigerante tipo limão,Bebidas,TBCA
Saquê,Bebidas,TBCA
Vermute,Bebidas,TBCA
Vinho,Bebidas,TBCA
Vinho branco,Bebidas,TBCA
Vinho espumante brut,Bebidas,TBCA
Vinho espumante meio doce/doce,Bebidas,TBCA
Vinho quente,Bebidas,TBCA
Vinho rose,Bebidas,TBCA
Vinho tinto,Bebidas,TBCA
Vinho tinto Merlot,Bebidas,TBCA
Vinho tinto mosto Petite Syrah,Bebidas,TBCA
Aguardente (cachaça),Bebidas,TBCA 7.2
Amarula caseira,Bebidas,TBCA 7.2
Batida de maracujá com álcool,Bebidas,TBCA 7.2
Bebida alcoólica (teor alcoólico 33%),Bebidas,TBCA 7.2
Bebida alcoólica destilada (teor alcoólico 36%),Bebidas,TBCA 7.2
Bebida alcoólica destilada (teor alcoólico 39%),Bebidas,TBCA 7.2
Bebida alcoólica destilada (teor alcoólico 42%),Bebidas,TBCA 7.2
Bebida energética,Bebidas,TBCA 7.2
Bebida energética,Bebidas,TBCA 7.2
Bebida extrato de soja natural com achocolatado em pó sem açúcar,Bebidas,TBCA 7.2
Bebida extrato de soja natural com cacau em pó e açúcar,Bebidas,TBCA 7.2
Bebida extrato de soja natural com cacau em pó sem açúcar,Bebidas,TBCA 7.2
Bebida extrato de soja natural com chocolate em pó sem açúcar,Bebidas,TBCA 7.2
Bebida isotônica,Bebidas,TBCA 7.2
Bebida Smirnoff ice,Bebidas,TBCA 7.2
Bebida substituto do leite - extrato de soja natural com chocolate em pó e açúcar,Bebidas,TBCA 7.2
Café coado (intenso) com açúcar,Bebidas,TBCA 7.2
Café coado (intenso) com bebida vegetal à base de amêndoa com açúcar,Bebidas,TBCA 7.2
Café coado (intenso) com bebida vegetal à base de amêndoa sem açúcar,Bebidas,TBCA 7.2
Café coado (intenso) com bebida vegetal à base de arroz sem açúcar,Bebidas,TBCA 7.2
Café coado (intenso) com extrato de soja natural e açúcar,Bebidas,TBCA 7.2
Café coado (intenso) com extrato de soja natural e açúcar,Bebidas,TBCA 7.2
Café coado (intenso) com leite desnatado e açúcar,Bebidas,TBCA 7.2
Café coado (intenso) com leite desnatado sem açúcar,Bebidas,TBCA 7.2
Café coado (intenso) sem açúcar,Bebidas,TBCA 7.2
Café coado (leve) com leite desnatado e açúcar,Bebidas,TBCA 7.2
Café coado (leve) com leite desnatado e açúcar,Bebidas,TBCA 7.2
Café coado (médio) com açúcar,Bebidas,TBCA 7.2
Café coado (médio) com leite desnatado e açúcar,Bebidas,TBCA 7.2
Café coado (médio) com leite desnatado sem açúcar,Bebidas,TBCA 7.2
Café coado (médio) com leite e açúcar,Bebidas,TBCA 7.2
Café coado (médio) com leite sem açúcar,Bebidas,TBCA 7.2
Café coado (médio) sem açúcar,Bebidas,TBCA 7.2
Café coado (suave) com açúcar,Bebidas,TBCA 7.2
Café coado (suave) com leite desnatado sem açúcar,Bebidas,TBCA 7.2
Café coado (suave) com leite e açúcar,Bebidas,TBCA 7.2
Café coado (suave) com leite sem açúcar,Bebidas,TBCA 7.2
Café coado (suave) sem açúcar,Bebidas,TBCA 7.2
Café coado descafeinado (intenso) com leite desnatado,Bebidas,TBCA 7.2
Café coado descafeinado (intenso) com leite desnatado e açúcar,Bebidas,TBCA 7.2
Café coado descafeinado (intenso) com leite e açúcar,Bebidas,TBCA 7.2
Café coado descafeinado (intenso) com leite sem açúcar,Bebidas,TBCA 7.2
Café coado descafeinado (médio) com açúcar,Bebidas,TBCA 7.2
Café coado descafeinado (médio) com leite desnatado e açúcar,Bebidas,TBCA 7.2
Café coado descafeinado (médio) com leite e açúcar,Bebidas,TBCA 7.2
Café coado descafeinado (médio) com leite sem açúcar,Bebidas,TBCA 7.2
Café coado descafeinado (médio) sem açúcar,Bebidas,TBCA 7.2
Café coado descafeinado (suave) com leite desnatado e açúcar,Bebidas,TBCA 7.2
Café coado descafeinado (suave) com leite desnatado sem açúcar,Bebidas,TBCA 7.2
Café coado descafeinado (suave) com leite e açúcar,Bebidas,TBCA 7.2
Café coado descafeinado (suave) com leite sem açúcar,Bebidas,TBCA 7.2
Café coado descafeinado com açúcar,Bebidas,TBCA 7.2
Café coado descafeinado com açúcar,Bebidas,TBCA 7.2
Café coado descafeinado sem açúcar,Bebidas,TBCA 7.2
Café coado descafeinado sem açúcar,Bebidas,TBCA 7.2
Café com leite com açúcar,Bebidas,TBCA 7.2
Café com leite sem açúcar,Bebidas,TBCA 7.2
Café descafeinado (médio) com leite desnatado sem açúcar,Bebidas,TBCA 7.2
Café descafeinado sem açúcar,Bebidas,TBCA 7.2
Café sem açúcar com farinha de mandioca,Bebidas,TBCA 7.2
Caipirinha,Bebidas,TBCA 7.2
Caldo de cana (garapa),Bebidas,TBCA 7.2
"Cappucino - leite desnatado, café e cacau em pó com açúcar",Bebidas,TBCA 7.2
"Capuccino - leite desnatado, café - chocolate em pó sem açúcar",Bebidas,TBCA 7.2
"Capuccino - leite desnatado, café descafeinado e cacau em pó com açúcar",Bebidas,TBCA 7.2
"Capuccino - leite desnatado, café descafeinado e chocolate em pó sem açúcar",Bebidas,TBCA 7.2
"Capuccino - leite desnatado, café e chocolate em pó com açúcar",Bebidas,TBCA 7.2
"Capuccino - leite desnatado, infusão café descafeinado e cacau em pó sem açúcar",Bebidas,TBCA 7.2
"Capuccino - leite integral,  café descafeinado e cacau em pó sem açúcar",Bebidas,TBCA 7.2
"Capuccino - leite integral, café descafeinado e cacau em pó e açúcar",Bebidas,TBCA 7.2
"Capuccino - leite integral, café descafeinado e chocolate em pó sem açúcar",Bebidas,TBCA 7.2
"Capuccino - leite, café e achocolatado em pó sem açúcar",Bebidas,TBCA 7.2
"Capuccino tradicional - leite desnatado, café descafeinado  e canela em pó sem açúcar",Bebidas,TBCA 7.2
"Capuccino tradicional - leite desnatado, café descafeinado e canela em pó com açúcar",Bebidas,TBCA 7.2
"Capuccino tradicional - leite desnatado, café e canela em pó com açúcar",Bebidas,TBCA 7.2
"Capuccino tradicional - leite desnatado, café e canela em pó sem açúcar",Bebidas,TBCA 7.2
"Capuccino tradicional - leite integral, café descafeinado e canela em pó com açúcar",Bebidas,TBCA 7.2
"Capuccino tradicional - leite integral, café descafeinado e canela em pó sem açúcar",Bebidas,TBCA 7.2
"Capuccino tradicional - leite integral, café e canela em pó com açúcar",Bebidas,TBCA 7.2
"Capuccino tradicional - leite integral, café e canela em pó sem açúcar",Bebidas,TBCA 7.2
"Capuccino- leite desnatado, café descafeinado e chocolate em pó com açúcar",Bebidas,TBCA 7.2
"Capuccino- leite desnatado, café e cacau em pó sem açúcar",Bebidas,TBCA 7.2
"Capuccino- leite integral, café descafeinado e chocolate em pó com açúcar",Bebidas,TBCA 7.2
"Capuccino- leite, café e achocolatado em pó com açúcar",Bebidas,TBCA 7.2
Cerveja Pilsen,Bebidas,TBCA 7.2
Cerveja sem álcool,Bebidas,TBCA 7.2
Chá com açúcar,Bebidas,TBCA 7.2
Chá de anador sem açúcar,Bebidas,TBCA 7.2
Chá de camomila com açúcar,Bebidas,TBCA 7.2
Chá de camomila com açúcar,Bebidas,TBCA 7.2
Chá de camomila sem açúcar,Bebidas,TBCA 7.2
Chá de capim-santo com açúcar,Bebidas,TBCA 7.2
Chá de capim-santo sem açúcar,Bebidas,TBCA 7.2
Chá de cidreira com açúcar,Bebidas,TBCA 7.2
Chá de cidreira sem açúcar,Bebidas,TBCA 7.2
Chá de colônia sem açúcar,Bebidas,TBCA 7.2
Chá de eparema sem açúcar,Bebidas,TBCA 7.2
Chá de erva-doce com açúcar,Bebidas,TBCA 7.2
Chá de erva-doce sem açúcar,Bebidas,TBCA 7.2
Chá de hortelã com açúcar,Bebidas,TBCA 7.2
Chá de hortelã sem açúcar,Bebidas,TBCA 7.2
Chá de limão (lata/garrafa),Bebidas,TBCA 7.2
Chá de malva-santa sem açúcar,Bebidas,TBCA 7.2
Chá de malvariço sem açúcar,Bebidas,TBCA 7.2
Chá de mastruço sem açúcar,Bebidas,TBCA 7.2
Chá de mentrasto sem açúcar,Bebidas,TBCA 7.2
Chá de pêssego (lata/garrafa),Bebidas,TBCA 7.2
Chá mate sem açúcar,Bebidas,TBCA 7.2
Chá mate sem açúcar,Bebidas,TBCA 7.2
Chá preto com açúcar,Bebidas,TBCA 7.2
Chá preto sem açúcar,Bebidas,TBCA 7.2
Chá sem açúcar,Bebidas,TBCA 7.2
Chimarrão (erva-mate),Bebidas,TBCA 7.2
Conhaque,Bebidas,TBCA 7.2
Coquetel de frutas com álcool,Bebidas,TBCA 7.2
Coquetel de frutas sem álcool,Bebidas,TBCA 7.2
Cuba libre,Bebidas,TBCA 7.2
Espanhola,Bebidas,TBCA 7.2
Gin tônica,Bebidas,TBCA 7.2
Grappa,Bebidas,TBCA 7.2
Leite com achocolatado em pó sem açúcar,Bebidas,TBCA 7.2
Leite de onça,Bebidas,TBCA 7.2
Leite desnatado com cacau em pó e açúcar,Bebidas,TBCA 7.2
Leite desnatado com cacau em pó sem açúcar,Bebidas,TBCA 7.2
Leite desnatado com chocolate em pó com açúcar,Bebidas,TBCA 7.2
Leite desnatado com chocolate em pó sem açúcar,Bebidas,TBCA 7.2
Leite integral com achocolatado em pó sem açúcar,Bebidas,TBCA 7.2
Leite integral com cacau em pó e açúcar,Bebidas,TBCA 7.2
Leite integral com cacau em pó sem açúcar,Bebidas,TBCA 7.2
Leite integral com chocolate em pó com açúcar,Bebidas,TBCA 7.2
Leite integral com chocolate em pó sem açúcar,Bebidas,TBCA 7.2
Licor cointreau,Bebidas,TBCA 7.2
Liete desnatado com achocolatado em pó sem açúcar,Bebidas,TBCA 7.2
Margarita,Bebidas,TBCA 7.2
Milk shake de baunilha e calda de chocolate,Bebidas,TBCA 7.2
Pina colada,Bebidas,TBCA 7.2
Pisco sour,Bebidas,TBCA 7.2
Ponche de frutas com álcool,Bebidas,TBCA 7.2
Ponche de frutas sem álcool,Bebidas,TBCA 7.2
Quentão,Bebidas,TBCA 7.2
"Quentão de vinho - vinho tinto, água, gengibre, cravo, canela e açúcar",Bebidas,TBCA 7.2
"Quentão de vinho - vinho tinto, aguardente, água, gengibre, cravo, canela e açúcar",Bebidas,TBCA 7.2
Quentão de vinho com gemada,Bebidas,TBCA 7.2
Refresco de groselha sem açúcar,Bebidas,TBCA 7.2
Refresco em pó preparado,Bebidas,TBCA 7.2
Refrigerante com açúcar,Bebidas,TBCA 7.2
Refrigerante tipo água tônica com açúcar,Bebidas,TBCA 7.2
Refrigerante tipo cola com açúcar,Bebidas,TBCA 7.2
Refrigerante tipo guaraná com açúcar,Bebidas,TBCA 7.2
Refrigerante tipo laranja com açúcar,Bebidas,TBCA 7.2
Refrigerante tipo limão com açúcar,Bebidas,TBCA 7.2
Saquê,Bebidas,TBCA 7.2
Tequila,Bebidas,TBCA 7.2
Vermute,Bebidas,TBCA 7.2
Vinho,Bebidas,TBCA 7.2
Vinho branco,Bebidas,TBCA 7.2
Vinho espumante brut,Bebidas,TBCA 7.2
Vinho meio doce/doce espumante,Bebidas,TBCA 7.2
Vinho quente,Bebidas,TBCA 7.2
Vinho rose,Bebidas,TBCA 7.2
Vinho tinto,Bebidas,TBCA 7.2
Vinho tinto,Bebidas,TBCA 7.2
Vinho tinto Merlot,Bebidas,TBCA 7.2
Apresuntado,Carnes e derivados,TACO
"Caldo de carne, tablete",Carnes e derivados,TACO
"Caldo de galinha, tablete",Carnes e derivados,TACO
"Carne, bovina, acém, moído, cozido",Carnes e derivados,TACO
"Carne, bovina, acém, moído, cru",Carnes e derivados,TACO
"Carne, bovina, acém, sem gordura, cozido",Carnes e derivados,TACO
"Carne, bovina, acém, sem gordura, cru",Carnes e derivados,TACO
"Carne, bovina, almôndegas, cruas",Carnes e derivados,TACO
"Carne, bovina, almôndegas, fritas",Carnes e derivados,TACO
"Carne, bovina, bucho, cozido",Carnes e derivados,TACO
"Carne, bovina, bucho, cru",Carnes e derivados,TACO
"Carne, bovina, capa de contra-filé, com gordura, crua",Carnes e derivados,TACO
"Carne, bovina, capa de contra-filé, com gordura, grelhada",Carnes e derivados,TACO
"Carne, bovina, capa de contra-filé, sem gordura, crua",Carnes e derivados,TACO
"Carne, bovina, capa de contra-filé, sem gordura, grelhada",Carnes e derivados,TACO
"Carne, bovina, charque, cozido",Carnes e derivados,TACO
"Carne, bovina, charque, cru",Carnes e derivados,TACO
"Carne, bovina, contra-filé de costela, cru",Carnes e derivados,TACO
"Carne, bovina, contra-filé de costela, grelhado",Carnes e derivados,TACO
"Carne, bovina, contra-filé, à milanesa",Carnes e derivados,TACO
"Carne, bovina, contra-filé, com gordura, cru",Carnes e derivados,TACO
"Carne, bovina, contra-filé, com gordura, grelhado",Carnes e derivados,TACO
"Carne, bovina, contra-filé, sem gordura, cru",Carnes e derivados,TACO
"Carne, bovina, contra-filé, sem gordura, grelhado",Carnes e derivados,TACO
"Carne, bovina, costela, assada",Carnes e derivados,TACO
"Carne, bovina, costela, crua",Carnes e derivados,TACO
"Carne, bovina, coxão duro, sem gordura, cozido",Carnes e derivados,TACO
"Carne, bovina, coxão duro, sem gordura, cru",Carnes e derivados,TACO
"Carne, bovina, coxão mole, sem gordura, cozido",Carnes e derivados,TACO
"Carne, bovina, coxão mole, sem gordura, cru",Carnes e derivados,TACO
"Carne, bovina, cupim, assado",Carnes e derivados,TACO
"Carne, bovina, cupim, cru",Carnes e derivados,TACO
"Carne, bovina, fígado, cru",Carnes e derivados,TACO
"Carne, bovina, fígado, grelhado",Carnes e derivados,TACO
"Carne, bovina, filé mingnon, sem gordura, cru",Carnes e derivados,TACO
"Carne, bovina, filé mingnon, sem gordura, grelhado",Carnes e derivados,TACO
"Carne, bovina, flanco, sem gordura, cozido",Carnes e derivados,TACO
"Carne, bovina, flanco, sem gordura, cru",Carnes e derivados,TACO
"Carne, bovina, fraldinha, com gordura, cozida",Carnes e derivados,TACO
"Carne, bovina, fraldinha, com gordura, crua",Carnes e derivados,TACO
"Carne, bovina, lagarto, cozido",Carnes e derivados,TACO
"Carne, bovina, lagarto, cru",Carnes e derivados,TACO
"Carne, bovina, língua, cozida",Carnes e derivados,TACO
"Carne, bovina, língua, crua",Carnes e derivados,TACO
"Carne, bovina, maminha, crua",Carnes e derivados,TACO
"Carne, bovina, maminha, grelhada",Carnes e derivados,TACO
"Carne, bovina, miolo de alcatra, sem gordura, cru",Carnes e derivados,TACO
"Carne, bovina, miolo de alcatra, sem gordura, grelhado",Carnes e derivados,TACO
"Carne, bovina, músculo, sem gordura, cozido",Carnes e derivados,TACO
"Carne, bovina, músculo, sem gordura, cru",Carnes e derivados,TACO
"Carne, bovina, paleta, com gordura, crua",Carnes e derivados,TACO
"Carne, bovina, paleta, sem gordura, cozida",Carnes e derivados,TACO
"Carne, bovina, paleta, sem gordura, crua",Carnes e derivados,TACO
"Carne, bovina, patinho, sem gordura, cru",Carnes e derivados,TACO
"Carne, bovina, patinho, sem gordura, grelhado",Carnes e derivados,TACO
"Carne, bovina, peito, sem gordura, cozido",Carnes e derivados,TACO
"Carne, bovina, peito, sem gordura, cru",Carnes e derivados,TACO
"Carne, bovina, picanha, com gordura, crua",Carnes e derivados,TACO
"Carne, bovina, picanha, com gordura, grelhada",Carnes e derivados,TACO
"Carne, bovina, picanha, sem gordura, crua",Carnes e derivados,TACO
"Carne, bovina, picanha, sem gordura, grelhada",Carnes e derivados,TACO
"Carne, bovina, seca, cozida",Carnes e derivados,TACO
"Carne, bovina, seca, crua",Carnes e derivados,TACO
"Coxinha de frango, frita",Carnes e derivados,TACO
"Croquete, de carne, cru",Carnes e derivados,TACO
"Croquete, de carne, frito",Carnes e derivados,TACO
"Empada de frango, pré-cozida, assada",Carnes e derivados,TACO
"Empada, de frango, pré-cozida",Carnes e derivados,TACO
"Frango, asa, com pele, crua",Carnes e derivados,TACO
"Frango, caipira, inteiro, com pele, cozido",Carnes e derivados,TACO
"Frango, caipira, inteiro, sem pele, cozido",Carnes e derivados,TACO
"Frango, coração, cru",Carnes e derivados,TACO
"Frango, coração, grelhado",Carnes e derivados,TACO
"Frango, coxa, com pele, assada",Carnes e derivados,TACO
"Frango, coxa, com pele, crua",Carnes e derivados,TACO
"Frango, coxa, sem pele, cozida",Carnes e derivados,TACO
"Frango, coxa, sem pele, crua",Carnes e derivados,TACO
"Frango, fígado, cru",Carnes e derivados,TACO
"Frango, filé, à milanesa",Carnes e derivados,TACO
"Frango, inteiro, com pele, cru",Carnes e derivados,TACO
"Frango, inteiro, sem pele, assado",Carnes e derivados,TACO
"Frango, inteiro, sem pele, cozido",Carnes e derivados,TACO
"Frango, inteiro, sem pele, cru",Carnes e derivados,TACO
"Frango, peito, com pele, assado",Carnes e derivados,TACO
"Frango, peito, com pele, cru",Carnes e derivados,TACO
"Frango, peito, sem pele, cozido",Carnes e derivados,TACO
"Frango, peito, sem pele, cru",Carnes e derivados,TACO
"Frango, peito, sem pele, grelhado",Carnes e derivados,TACO
"Frango, sobrecoxa, com pele, assada",Carnes e derivados,TACO
"Frango, sobrecoxa, com pele, crua",Carnes e derivados,TACO
"Frango, sobrecoxa, sem pele, assada",Carnes e derivados,TACO
"Frango, sobrecoxa, sem pele, crua",Carnes e derivados,TACO
"Hambúrguer, bovino, cru",Carnes e derivados,TACO
"Hambúrguer, bovino, frito",Carnes e derivados,TACO
"Hambúrguer, bovino, grelhado",Carnes e derivados,TACO
"Lingüiça, frango, crua",Carnes e derivados,TACO
"Lingüiça, frango, frita",Carnes e derivados,TACO
"Lingüiça, frango, grelhada",Carnes e derivados,TACO
"Lingüiça, porco, crua",Carnes e derivados,TACO
"Lingüiça, porco, frita",Carnes e derivados,TACO
"Lingüiça, porco, grelhada",Carnes e derivados,TACO
Mortadela,Carnes e derivados,TACO
"Peru, congelado, assado",Carnes e derivados,TACO
"Peru, congelado, cru",Carnes e derivados,TACO
"Porco, bisteca, crua",Carnes e derivados,TACO
"Porco, bisteca, frita",Carnes e derivados,TACO
"Porco, bisteca, grelhada",Carnes e derivados,TACO
"Porco, costela, assada",Carnes e derivados,TACO
"Porco, costela, crua",Carnes e derivados,TACO
"Porco, lombo, assado",Carnes e derivados,TACO
"Porco, lombo, cru",Carnes e derivados,TACO
"Porco, orelha, salgada, crua",Carnes e derivados,TACO
"Porco, pernil, assado",Carnes e derivados,TACO
"Porco, pernil, cru",Carnes e derivados,TACO
"Porco, rabo, salgado, cru",Carnes e derivados,TACO
"Presunto, com capa de gordura",Carnes e derivados,TACO
"Presunto, sem capa de gordura",Carnes e derivados,TACO
"Quibe, assado",Carnes e derivados,TACO
"Quibe, cru",Carnes e derivados,TACO
"Quibe, frito",Carnes e derivados,TACO
Salame,Carnes e derivados,TACO
"Toucinho, cru",Carnes e derivados,TACO
"Toucinho, frito",Carnes e derivados,TACO
Acém à milanesa frito,Carnes e derivados,TBCA
Acém à milanesa frito com sal,Carnes e derivados,TBCA
"Acém cozido com azeitona, milho verde e ovo cozido",Carnes e derivados,TBCA
"Acém cozido com azeitona, milho verde, ovo cozido e sal",Carnes e derivados,TBCA
Acém cozido com batata e sal,Carnes e derivados,TBCA
Acém cozido com sal,Carnes e derivados,TBCA
Acém cru,Carnes e derivados,TBCA
Acém moído cozido,Carnes e derivados,TBCA
Acém moído cozido com batata e sal,Carnes e derivados,TBCA
"Acém moído cozido com batata e vegetais - cenoura, chuchu e vagem",Carnes e derivados,TBCA
"Acém moído cozido com batata e vegetais - cenoura, chuchu e vagem",Carnes e derivados,TBCA
"Acém moído cozido com batata, óleo e sal",Carnes e derivados,TBCA
"Acém moído cozido com cenoura, abobrinha, milho, e ervilha",Carnes e derivados,TBCA
"Acém moído cozido com cenoura, abobrinha, milho, ervilha e sal",Carnes e derivados,TBCA
Acém moído cozido com óleo,Carnes e derivados,TBCA
Acém moído cozido com sal,Carnes e derivados,TBCA
"Acém moído cozido com vegetais - cenoura, chuchu e vagem",Carnes e derivados,TBCA
"Acém moído cozido com vegetais - cenoura, chuchu, vagem, com sal",Carnes e derivados,TBCA
Acém moído cru,Carnes e derivados,TBCA
Acém moído refogado,Carnes e derivados,TBCA
Acém moído refogado com sal,Carnes e derivados,TBCA
Acém sem gordura cozido,Carnes e derivados,TBCA
Acém sem gordura cozido com batata,Carnes e derivados,TBCA
Acém sem gordura cozido com óleo,Carnes e derivados,TBCA
Acém sem gordura cozido com óleo e sal,Carnes e derivados,TBCA
"Acém sem gordura cozido com pequi, pimentão, noz moscada e pimenta do reino",Carnes e derivados,TBCA
"Acém sem gordura cozido com pequi, pimentão, noz moscada, pimenta do reino e sal",Carnes e derivados,TBCA
Acém sem gordura frito,Carnes e derivados,TBCA
Acém sem gordura frito com sal,Carnes e derivados,TBCA
Alcatra à milanesa frita,Carnes e derivados,TBCA
Alcatra à milanesa frita com sal,Carnes e derivados,TBCA
Alcatra crua,Carnes e derivados,TBCA
Alcatra de búfalo crua,Carnes e derivados,TBCA
Alcatra frita,Carnes e derivados,TBCA
Alcatra frita com sal,Carnes e derivados,TBCA
Alcatra refogada,Carnes e derivados,TBCA
Alcatra refogada com sal,Carnes e derivados,TBCA
Almôndega ao sugo,Carnes e derivados,TBCA
Almôndega de carne de ave crua com sal,Carnes e derivados,TBCA
Almôndega de carne de boi crua com sal,Carnes e derivados,TBCA
Almôndega de carne industrializada crua com sal,Carnes e derivados,TBCA
Almôndega de carne industrializada frita com sal,Carnes e derivados,TBCA
Almôndega de frango crua com sal,Carnes e derivados,TBCA
Apresuntado cozido,Carnes e derivados,TBCA
Apresuntado fatiado cozido,Carnes e derivados,TBCA
Apresuntado metro cozido,Carnes e derivados,TBCA
Apresuntado retangular cozido,Carnes e derivados,TBCA
Arrumadinho de frango,Carnes e derivados,TBCA
Arrumadinho de frango com sal,Carnes e derivados,TBCA
Asa de frango com pele à milanesa frita,Carnes e derivados,TBCA
Asa de frango com pele à milanesa frita com sal,Carnes e derivados,TBCA
Asa de frango com pele assada,Carnes e derivados,TBCA
Asa de frango com pele assada com sal,Carnes e derivados,TBCA
Asa de frango com pele cozida,Carnes e derivados,TBCA
Asa de frango com pele cozida com sal,Carnes e derivados,TBCA
Asa de frango com pele e sal refogada,Carnes e derivados,TBCA
Asa de frango com pele frita,Carnes e derivados,TBCA
Asa de frango com pele frita com sal,Carnes e derivados,TBCA
Asa de frango com pele refogada,Carnes e derivados,TBCA
Asa de frango crua,Carnes e derivados,TBCA
Barreado com sal,Carnes e derivados,TBCA
Barreado sem sal,Carnes e derivados,TBCA
Bife à cavalo,Carnes e derivados,TBCA
Bife à cavalo com sal,Carnes e derivados,TBCA
Bife à parmegiana,Carnes e derivados,TBCA
Bife à parmegiana com sal,Carnes e derivados,TBCA
Bife à role,Carnes e derivados,TBCA
Bife à role com sal,Carnes e derivados,TBCA
Bisteca de porco crua,Carnes e derivados,TBCA
Bisteca de porco empanada frita,Carnes e derivados,TBCA
Bisteca de porco empanada frita com sal,Carnes e derivados,TBCA
Bisteca de porco frita,Carnes e derivados,TBCA
Bisteca de porco frita com óleo e sal,Carnes e derivados,TBCA
Bisteca de porco frita com sal,Carnes e derivados,TBCA
Bisteca de porco grelhada,Carnes e derivados,TBCA
Bisteca de porco grelhada/assada com sal,Carnes e derivados,TBCA
Bisteca de porco refogada,Carnes e derivados,TBCA
Bisteca de porco refogada com sal,Carnes e derivados,TBCA
Blanquet cozido fatiado,Carnes e derivados,TBCA
Bolinho de aipim (mandioca) com carne moída caseiro frito,Carnes e derivados,TBCA
Bucho cozido,Carnes e derivados,TBCA
Bucho cozido com óleo,Carnes e derivados,TBCA
Bucho cozido com sal,Carnes e derivados,TBCA
Bucho cozido com sal,Carnes e derivados,TBCA
Bucho cru,Carnes e derivados,TBCA
Cabrito cozido com óleo e sal,Carnes e derivados,TBCA
Caldeirada de cabrito,Carnes e derivados,TBCA
Caldeirada de cabrito com sal,Carnes e derivados,TBCA
Caldeirada de cordeiro,Carnes e derivados,TBCA
Caldeirada de cordeiro com sal,Carnes e derivados,TBCA
Caldo de carne,Carnes e derivados,TBCA
Caldo de carne com sal,Carnes e derivados,TBCA
Caldo de frango,Carnes e derivados,TBCA
Caldo de mocotó,Carnes e derivados,TBCA
Caldo de mocotó com sal,Carnes e derivados,TBCA
Capa de contra-filé com gordura crua,Carnes e derivados,TBCA
Capa de contra-filé com gordura grelhada,Carnes e derivados,TBCA
Capa de contra-filé com gordura grelhada,Carnes e derivados,TBCA
Capa de contra-filé com gordura grelhada com manteiga e sal,Carnes e derivados,TBCA
Capa de contra-filé com gordura grelhada com manteiga e sal,Carnes e derivados,TBCA
Capa de contra-filé com gordura grelhada com sal,Carnes e derivados,TBCA
Capa de contra-filé crua,Carnes e derivados,TBCA
Capa de contra-filé grelhada,Carnes e derivados,TBCA
Capa de contra-filé grelhada com manteiga,Carnes e derivados,TBCA
Capa de contra-filé grelhada com óleo,Carnes e derivados,TBCA
"Capa de contra-filé grelhada, com óleo e sal",Carnes e derivados,TBCA
Capa de contra-filé sem gordura grelhada com manteiga e sal,Carnes e derivados,TBCA
"Carne (acém, capa de contrafilé, costela, músculo, paleta, peito) cozida/grelhada/assada com sal",Carnes e derivados,TBCA
"Carne (acém, paleta, peito) frita com sal",Carnes e derivados,TBCA
"Carne (alcatra, contrafilé, coxão mole, filé mignon, lagarto, patinho) cozida/grelhada/assada com sal",Carnes e derivados,TBCA
"Carne (alcatra, contrafilé, coxão mole, filé mignon, lagarto, patinho) frita com sal",Carnes e derivados,TBCA
"Carne (alcatra, contrafilé, coxão mole, filé mignon, lagarto, patinho) refogada",Carnes e derivados,TBCA
"Carne (alcatra, contrafilé, coxão mole, filé mignon, patinho) à milanesa frita com sal",Carnes e derivados,TBCA
Carne bovina em conserva,Carnes e derivados,TBCA
Carne de avestruz,Carnes e derivados,TBCA
Carne de avestruz (diferentes cortes),Carnes e derivados,TBCA
Carne de búfalo crua,Carnes e derivados,TBCA
Carne de cabrito assada,Carnes e derivados,TBCA
Carne de cabrito assada com sal,Carnes e derivados,TBCA
Carne de cabrito cozida assada com sal,Carnes e derivados,TBCA
"Carne de cabrito cozida com batata, cenoura, chuchu, abobrinha, ervilha em vagem, alecrim, e óleo",Carnes e derivados,TBCA
"Carne de cabrito cozida com batata, cenoura, chuchu, abobrinha, ervilha em vagem, alecrim, óleo e sal",Carnes e derivados,TBCA
"Carne de cabrito cozida com vegetais - cenoura, chuchu, abobrinha, ervilha em vagem, alecrim, com óleo e sal",Carnes e derivados,TBCA
"Carne de cabrito cozida com vegetais - cenoura, chuchu, abobrinha, ervilha em vagem, alecrim, e óleo",Carnes e derivados,TBCA
Carne de cabrito cozida e assada,Carnes e derivados,TBCA
Carne de cabrito cru,Carnes e derivados,TBCA
Carne de cabrito crua,Carnes e derivados,TBCA
"Carne de caça (capivara, coelho) cozida, assada",Carnes e derivados,TBCA
"Carne de caça (capivara, coelho) cozida, assada com sal",Carnes e derivados,TBCA
Carne de caça (esquilo) cru,Carnes e derivados,TBCA
Carne de caça (paca) assada,Carnes e derivados,TBCA
Carne de capão (meia carcaça) crua,Carnes e derivados,TBCA
Carne de capão crua,Carnes e derivados,TBCA
Carne de coelho cozida,Carnes e derivados,TBCA
Carne de coelho cozida com sal,Carnes e derivados,TBCA
Carne de coelho selecta crua,Carnes e derivados,TBCA
Carne de cordeiro (meia carcaça) crua,Carnes e derivados,TBCA
Carne de cordeiro cru,Carnes e derivados,TBCA
"Carne de frango assado com tucupi, pimenta de cheiro, jambu, chicória e sal",Carnes e derivados,TBCA
Carne de frango crua,Carnes e derivados,TBCA
Carne de frango preparada,Carnes e derivados,TBCA
Carne de ovelha (meia carcaça) crua,Carnes e derivados,TBCA
Carne de ovelha cozida com óleo e sal,Carnes e derivados,TBCA
Carne de ovelha crua,Carnes e derivados,TBCA
Carne de pato cozido e assado,Carnes e derivados,TBCA
Carne de porco cozida,Carnes e derivados,TBCA
"Carne de porco cozida com batata e vegetais - cenoura, chuchu, vagem, molho de tomate e sal",Carnes e derivados,TBCA
"Carne de porco cozida com batata, cenoura, chuchu, vagem",Carnes e derivados,TBCA
Carne de porco cozida com sal,Carnes e derivados,TBCA
Carne de porco crua,Carnes e derivados,TBCA
Carne de porco preparada,Carnes e derivados,TBCA
"Carne de tartaruga, jabuti cozida com sal",Carnes e derivados,TBCA
"Carne de tartaruga, jabuti, cozida",Carnes e derivados,TBCA
Carne de veado crua,Carnes e derivados,TBCA
Carne desfiada (carne louca),Carnes e derivados,TBCA
Carne desfiada (carne louca) com sal,Carnes e derivados,TBCA
Carne e pele de galinha da angola crua,Carnes e derivados,TBCA
Carne e pele de ganso cozido com óleo e sal,Carnes e derivados,TBCA
Carne e pele de ganso cozido com sal,Carnes e derivados,TBCA
Carne e pele de ganso cozido e assado com sal,Carnes e derivados,TBCA
Carne moída crua,Carnes e derivados,TBCA
Carne seca cozida,Carnes e derivados,TBCA
Carne seca crua,Carnes e derivados,TBCA
Carne seca dessalgada cozida,Carnes e derivados,TBCA
Carne seca dessalgada frita,Carnes e derivados,TBCA
Carne seca dessalgada refogada,Carnes e derivados,TBCA
"Charque com abóbora, salsa, óleo e sal",Carnes e derivados,TBCA
"Charque com batata e vegetais - cenoura, chuchu, vagem, óleo, e sal",Carnes e derivados,TBCA
"Charque com mandioca, extrato de tomate, pimentão, cebolinha e sal",Carnes e derivados,TBCA
Charque cozido,Carnes e derivados,TBCA
Charque dessalgada frita,Carnes e derivados,TBCA
Charque dessalgada refogada,Carnes e derivados,TBCA
Charque seca crua,Carnes e derivados,TBCA
Churrasquinho (espetinho) de carne,Carnes e derivados,TBCA
Churrasquinho (espetinho) de carne com sal,Carnes e derivados,TBCA
Churrasquinho misto (espetinho),Carnes e derivados,TBCA
Churrasquinho misto (espetinho) com sal,Carnes e derivados,TBCA
Contra-filé à milanesa com sal,Carnes e derivados,TBCA
Contra-filé à milanesa frita,Carnes e derivados,TBCA
Contra-filé com gordura cru,Carnes e derivados,TBCA
Contra-filé cru,Carnes e derivados,TBCA
Contra-filé cru,Carnes e derivados,TBCA
Contra-filé de costela grelhada,Carnes e derivados,TBCA
Contra-filé de costela grelhada com manteiga,Carnes e derivados,TBCA
Contra-filé de costela grelhada com manteiga e sal,Carnes e derivados,TBCA
Contra-filé de costela grelhada com óleo,Carnes e derivados,TBCA
Contra-filé de costela grelhada com óleo e sal,Carnes e derivados,TBCA
Contra-filé grelhado,Carnes e derivados,TBCA
Contra-filé grelhado com manteiga,Carnes e derivados,TBCA
Contra-filé grelhado com manteiga e sal,Carnes e derivados,TBCA
Contra-filé grelhado com óleo,Carnes e derivados,TBCA
Contra-filé grelhado/frito,Carnes e derivados,TBCA
Contra-filé grelhado/frito com manteiga,Carnes e derivados,TBCA
Contra-filé grelhado/frito com manteiga e sal,Carnes e derivados,TBCA
Contra-filé grelhado/frito com óleo,Carnes e derivados,TBCA
Contra-filé grelhado/frito com óleo e sal,Carnes e derivados,TBCA
Contra-filé grelhado/frito com óleo e sal,Carnes e derivados,TBCA
Contrafilé frito com óleo,Carnes e derivados,TBCA
Contrafilé frito com óleo e sal,Carnes e derivados,TBCA
Contrafilé grelhado/assado com sal,Carnes e derivados,TBCA
Contrafilé refogado,Carnes e derivados,TBCA
Contrafilé refogado com sal,Carnes e derivados,TBCA
Coração bovino cozido,Carnes e derivados,TBCA
Coração bovino cozido com óleo e sal,Carnes e derivados,TBCA
Coração bovino cozido com sal,Carnes e derivados,TBCA
Coração de frango assado,Carnes e derivados,TBCA
Coração de frango cozido,Carnes e derivados,TBCA
Coração de frango cozido com sal,Carnes e derivados,TBCA
Coração de frango cru,Carnes e derivados,TBCA
Coração de frango cru (Seara),Carnes e derivados,TBCA
Coração de frango frito,Carnes e derivados,TBCA
Coração de frango frito com sal,Carnes e derivados,TBCA
Coração de frango grelhado,Carnes e derivados,TBCA
Coração de frango grelhado com sal,Carnes e derivados,TBCA
Coração de frango refogado,Carnes e derivados,TBCA
Coração de frango refogado com sal,Carnes e derivados,TBCA
Costela assada,Carnes e derivados,TBCA
Costela assada com batata e cebola,Carnes e derivados,TBCA
"Costela assada com batata, cebola e sal",Carnes e derivados,TBCA
"Costela assada com cenoura, abobrinha e cebola",Carnes e derivados,TBCA
"Costela assada com cenoura, abobrinha, cebola e sal",Carnes e derivados,TBCA
"Costela assada com mandioca, cebola e sal",Carnes e derivados,TBCA
Costela assada com sal,Carnes e derivados,TBCA
Costela cozida assada,Carnes e derivados,TBCA
Costela cozida assada com sal,Carnes e derivados,TBCA
Costela cozida com óleo e sal,Carnes e derivados,TBCA
Costela crua,Carnes e derivados,TBCA
Costela de cabrito crua,Carnes e derivados,TBCA
Costela de porco assada,Carnes e derivados,TBCA
Costela de porco assada com sal,Carnes e derivados,TBCA
Costela de porco crua,Carnes e derivados,TBCA
Costela de porco frita,Carnes e derivados,TBCA
Costela de porco frita com sal,Carnes e derivados,TBCA
Costela de porco refogada,Carnes e derivados,TBCA
Costela de porco refogada com sal,Carnes e derivados,TBCA
Coxa de frango assada,Carnes e derivados,TBCA
Coxa de frango assada com sal,Carnes e derivados,TBCA
Coxa de frango crua,Carnes e derivados,TBCA
Coxa de frango crua (Seara),Carnes e derivados,TBCA
Coxa de frango sem pele cozida,Carnes e derivados,TBCA
Coxa de frango sem pele cozida com sal,Carnes e derivados,TBCA
Coxa de frango sem pele crua,Carnes e derivados,TBCA
Coxa de peru sem pele assada,Carnes e derivados,TBCA
Coxa de peru sem pele assada com sal,Carnes e derivados,TBCA
Coxa de peru sem pele cozida,Carnes e derivados,TBCA
Coxa de peru sem pele cozida com sal,Carnes e derivados,TBCA
Coxa de peru sem pele crua,Carnes e derivados,TBCA
Coxa e sobrecoxa de frango crua,Carnes e derivados,TBCA
Coxa e sobrecoxa de frango sem pele crua,Carnes e derivados,TBCA
Coxa externa de avestruz,Carnes e derivados,TBCA
Coxa interna de avestruz,Carnes e derivados,TBCA
Coxão duro cru,Carnes e derivados,TBCA
Coxão duro sem gordura cozido,Carnes e derivados,TBCA
Coxão duro sem gordura cozido com óleo,Carnes e derivados,TBCA
Coxão duro sem gordura cozido com óleo e sal,Carnes e derivados,TBCA
Coxão mole de búfalo crua,Carnes e derivados,TBCA
Coxão mole sem gordura à milanesa frito,Carnes e derivados,TBCA
Coxão mole sem gordura à milanesa frito com sal,Carnes e derivados,TBCA
Coxão mole sem gordura cozido,Carnes e derivados,TBCA
Coxão mole sem gordura cozido com óleo,Carnes e derivados,TBCA
Coxão mole sem gordura cozido com óleo e sal,Carnes e derivados,TBCA
Coxão mole sem gordura cozido com sal,Carnes e derivados,TBCA
Coxão mole sem gordura crua,Carnes e derivados,TBCA
Coxão mole sem gordura frito,Carnes e derivados,TBCA
Coxão mole sem gordura frito com óleo,Carnes e derivados,TBCA
Coxão mole sem gordura frito com óleo,Carnes e derivados,TBCA
Coxão mole sem gordura frito com óleo e milho verde,Carnes e derivados,TBCA
Coxão mole sem gordura frito com óleo e sal,Carnes e derivados,TBCA
Coxão mole sem gordura frito com queijo muçarela,Carnes e derivados,TBCA
Coxão mole sem gordura frito com queijo muçarela e sal,Carnes e derivados,TBCA
Coxão mole sem gordura frito com sal,Carnes e derivados,TBCA
Coxinha de frango industrializada frita,Carnes e derivados,TBCA
Croquete de carne caseiro frito,Carnes e derivados,TBCA
Croquete de carne cru com sal,Carnes e derivados,TBCA
Croquete de carne frito com sal,Carnes e derivados,TBCA
Cupim assado,Carnes e derivados,TBCA
Cupim assado com sal,Carnes e derivados,TBCA
Cupim cru,Carnes e derivados,TBCA
Cupim frito,Carnes e derivados,TBCA
Cupim frito com sal,Carnes e derivados,TBCA
Empada de frango pré-cozida,Carnes e derivados,TBCA
Empada de frango pré-cozida assada,Carnes e derivados,TBCA
Enroladinho de salsicha caseiro frito,Carnes e derivados,TBCA
Entrevero de pinhão com sal,Carnes e derivados,TBCA
Estrogonofe de carne,Carnes e derivados,TBCA
Estrogonofe de carne moída com palmito e sal,Carnes e derivados,TBCA
Estrogonofe de frango,Carnes e derivados,TBCA
Estrogonoffe de carne com sal,Carnes e derivados,TBCA
Estrogonoffe de frango com sal,Carnes e derivados,TBCA
Fiambre de frango cozido,Carnes e derivados,TBCA
Fígado à milanesa frito,Carnes e derivados,TBCA
Fígado à milanesa frito com sal,Carnes e derivados,TBCA
Fígado cru,Carnes e derivados,TBCA
Fígado de boi cru,Carnes e derivados,TBCA
Fígado de frango cozido,Carnes e derivados,TBCA
Fígado de frango cozido com sal,Carnes e derivados,TBCA
Fígado de frango cru,Carnes e derivados,TBCA
Fígado de frango frito,Carnes e derivados,TBCA
Fígado de frango refogado,Carnes e derivados,TBCA
Fígado de frango refogado com sal,Carnes e derivados,TBCA
Fígado de galinha cru,Carnes e derivados,TBCA
Fígado frito com óleo,Carnes e derivados,TBCA
Fígado frito com óleo e sal,Carnes e derivados,TBCA
Fígado grelhada com óleo,Carnes e derivados,TBCA
Fígado grelhado,Carnes e derivados,TBCA
Fígado grelhado com óleo e sal,Carnes e derivados,TBCA
Fígado grelhado com sal,Carnes e derivados,TBCA
Fígado refogado,Carnes e derivados,TBCA
Fígado refogado com sal,Carnes e derivados,TBCA
Filé de frango à parmegiana,Carnes e derivados,TBCA
Filé de peito de frango à milanesa frito,Carnes e derivados,TBCA
Filé de peito de frango à milanesa frito com sal,Carnes e derivados,TBCA
Filé de peito de frango cru,Carnes e derivados,TBCA
Filé de peito de frango/galinha sem pele empanado cru,Carnes e derivados,TBCA
Filé mignon à milanesa frito,Carnes e derivados,TBCA
Filé mignon à milanesa frito com sal,Carnes e derivados,TBCA
Filé mignon cru,Carnes e derivados,TBCA
Filé mignon de avestruz,Carnes e derivados,TBCA
Filé mignon frito,Carnes e derivados,TBCA
Filé mignon frito com sal,Carnes e derivados,TBCA
Filé mignon grelhado,Carnes e derivados,TBCA
Filé mignon grelhado com manteiga,Carnes e derivados,TBCA
Filé mignon grelhado com manteiga e sal,Carnes e derivados,TBCA
Filé mignon grelhado com óleo,Carnes e derivados,TBCA
Filé mignon grelhado com óleo e sal,Carnes e derivados,TBCA
Filé mignon grelhado/assado com sal,Carnes e derivados,TBCA
Filé mignon refogado,Carnes e derivados,TBCA
Filé mignon refogado com sal,Carnes e derivados,TBCA
"Flanco cozido com batata e vegetais - cenoura, chuchu, vagem e óleo",Carnes e derivados,TBCA
"Flanco cozido com batata e vegetais - cenoura, chuchu, vagem, óleo e sal",Carnes e derivados,TBCA
"Flanco cozido com batata, cenoura e óleo",Carnes e derivados,TBCA
"Flanco cozido com batata, cenoura, óleo e sal",Carnes e derivados,TBCA
Flanco cozido com óleo,Carnes e derivados,TBCA
Flanco cozido com óleo e sal,Carnes e derivados,TBCA
Flanco cru,Carnes e derivados,TBCA
Flanco sem gordura cozido,Carnes e derivados,TBCA
Fraldinha cozida,Carnes e derivados,TBCA
"Fraldinha cozida com batata, cenoura e óleo",Carnes e derivados,TBCA
"Fraldinha cozida com batata, cenoura, óleo e sal",Carnes e derivados,TBCA
Fraldinha cozida com óleo,Carnes e derivados,TBCA
Fraldinha cozida com óleo e sal,Carnes e derivados,TBCA
Fraldinha cozida com sal,Carnes e derivados,TBCA
Fraldinha crua,Carnes e derivados,TBCA
Fraldinha frita,Carnes e derivados,TBCA
Fraldinha frita com sal,Carnes e derivados,TBCA
Fraldinha grelhada/assada,Carnes e derivados,TBCA
Fraldinha grelhada/assada com sal,Carnes e derivados,TBCA
Frango à milanesa frito,Carnes e derivados,TBCA
Frango à milanesa frito com sal,Carnes e derivados,TBCA
Frango ao molho pardo (frango de cabidela),Carnes e derivados,TBCA
Frango caipira inteiro cozido,Carnes e derivados,TBCA
Frango caipira inteiro cozido,Carnes e derivados,TBCA
Frango caipira inteiro cozido com sal,Carnes e derivados,TBCA
"Frango caipira inteiro cozido com salsa, molho de tomate, pimenta do reino e sal",Carnes e derivados,TBCA
"Frango caipira inteiro cozido com salsa, óleo, e pimenta do reino",Carnes e derivados,TBCA
"Frango caipira inteiro cozido com salsa, óleo, pimenta do reino e sal",Carnes e derivados,TBCA
Frango caipira inteiro cru,Carnes e derivados,TBCA
Frango caipira inteiro sem pele cozido com sal,Carnes e derivados,TBCA
Frango caipira sem pele inteiro cozido,Carnes e derivados,TBCA
"Frango caipira sem pele inteiro cozido com salsa, molho de tomate e pimenta do reino",Carnes e derivados,TBCA
"Frango caipira sem pele inteiro cozido com salsa, molho de tomate, pimenta do reino e sal",Carnes e derivados,TBCA
"Frango caipira sem pele inteiro cozido com salsa, óleo, e pimenta do reino",Carnes e derivados,TBCA
"Frango caipira sem pele inteiro cozido com salsa, óleo, pimenta do reino e sal",Carnes e derivados,TBCA
Frango com açafrão (cúrcuma),Carnes e derivados,TBCA
Frango com açafrão (cúrcuma) com sal,Carnes e derivados,TBCA
Frango empanado tipo nuggets assado,Carnes e derivados,TBCA
Frango empanado tipo nuggets congelado cru,Carnes e derivados,TBCA
Frango empanado tipo nuggets frito,Carnes e derivados,TBCA
Frango inteiro cozido,Carnes e derivados,TBCA
Frango inteiro cru,Carnes e derivados,TBCA
Frango inteiro refogado,Carnes e derivados,TBCA
Frango inteiro refogado com sal,Carnes e derivados,TBCA
Frango inteiro sem pele assado,Carnes e derivados,TBCA
Frango inteiro sem pele com sal grelhado/assado,Carnes e derivados,TBCA
Frango inteiro sem pele cru,Carnes e derivados,TBCA
Frango inteiro sem pele frito,Carnes e derivados,TBCA
Frango inteiro sem pele frito com sal,Carnes e derivados,TBCA
Frango xadrez,Carnes e derivados,TBCA
Fricassé de carne moída,Carnes e derivados,TBCA
Fricassé de carne moída com sal,Carnes e derivados,TBCA
Fricassé de frango,Carnes e derivados,TBCA
Fricassé de frango com sal,Carnes e derivados,TBCA
Galeto assado,Carnes e derivados,TBCA
Galeto assado com sal,Carnes e derivados,TBCA
Galinha da angola (carne e pele) cozida com óleo e sal,Carnes e derivados,TBCA
Galinha da angola (carne e pele) cozida com sal,Carnes e derivados,TBCA
Goulash,Carnes e derivados,TBCA
Hambúrguer bovino cru,Carnes e derivados,TBCA
"Hambúrguer bovino grelhado,à pizzaiolo",Carnes e derivados,TBCA
Hambúrguer bovino industrializado frito,Carnes e derivados,TBCA
Hambúrguer bovino industrializado grelhado,Carnes e derivados,TBCA
Hambúrguer cru,Carnes e derivados,TBCA
Hambúrguer de frango cru (Sadia),Carnes e derivados,TBCA
Hambúrguer de frango cru (Seara),Carnes e derivados,TBCA
Hambúrguer industrializado de frango grelhado sem óleo,Carnes e derivados,TBCA
Jardineira de frango com sal,Carnes e derivados,TBCA
Lagarto cozido,Carnes e derivados,TBCA
"Lagarto cozido com cenoura, ervilha, e molho de tomate",Carnes e derivados,TBCA
"Lagarto cozido com cenoura, ervilha, molho de tomate e sal",Carnes e derivados,TBCA
Lagarto cozido com óleo,Carnes e derivados,TBCA
Lagarto cozido com óleo e sal,Carnes e derivados,TBCA
Lagarto cozido com sal,Carnes e derivados,TBCA
Lagarto cru,Carnes e derivados,TBCA
Lagarto frito,Carnes e derivados,TBCA
Lagarto frito com sal,Carnes e derivados,TBCA
Lagarto recheado com calabresa,Carnes e derivados,TBCA
Lagarto recheado com calabresa e sal,Carnes e derivados,TBCA
Lagarto recheado com cenoura,Carnes e derivados,TBCA
Lagarto recheado com cenoura e sal,Carnes e derivados,TBCA
Lagarto recheado com presunto e queijo,Carnes e derivados,TBCA
Lagarto recheado com presunto e queijo,Carnes e derivados,TBCA
Lagarto refogado,Carnes e derivados,TBCA
Lagarto refogado com sal,Carnes e derivados,TBCA
Leque de avestruz (carne),Carnes e derivados,TBCA
Lingua cozida,Carnes e derivados,TBCA
Língua cozida ao molho vermelho com sal,Carnes e derivados,TBCA
"Lingua cozida com cenoura, ervilha e molho de tomate",Carnes e derivados,TBCA
"Lingua cozida com cenoura, ervilha, molho de tomate e sal",Carnes e derivados,TBCA
Língua cozida com sal,Carnes e derivados,TBCA
"Lingua cozida recheada com cenoura, pimentão vermelho, molho de tomate e sal",Carnes e derivados,TBCA
"Lingua cozida recheada com linguiça calabresa, molho de tomate e sal",Carnes e derivados,TBCA
Língua crua,Carnes e derivados,TBCA
Língua refogada com óleo e sal,Carnes e derivados,TBCA
Linguiça calabresa à milanesa,Carnes e derivados,TBCA
Linguiça calabresa assada no forno com sal,Carnes e derivados,TBCA
Linguiça calabresa cozida com óleo e sal,Carnes e derivados,TBCA
Linguiça calabresa cozida com sal,Carnes e derivados,TBCA
Linguiça calabresa frita com óleo e sal,Carnes e derivados,TBCA
Linguiça calabresa refogada com sal,Carnes e derivados,TBCA
Linguiça crua,Carnes e derivados,TBCA
Linguiça de frango crua,Carnes e derivados,TBCA
Linguiça de frango crua (Sadia),Carnes e derivados,TBCA
Linguiça de frango crua (Seara),Carnes e derivados,TBCA
Linguiça de frango frita,Carnes e derivados,TBCA
Linguiça de frango frita com sal,Carnes e derivados,TBCA
Linguiça de frango grelhada,Carnes e derivados,TBCA
Linguiça de frango/porco crua,Carnes e derivados,TBCA
Linguiça de frango/porco frita,Carnes e derivados,TBCA
Linguiça de frango/porco frita com sal,Carnes e derivados,TBCA
Linguiça de frango/porco grelhada/assada,Carnes e derivados,TBCA
Linguiça de frango/porco grelhada/assada com sal,Carnes e derivados,TBCA
Linguiça de frango/porco refogada,Carnes e derivados,TBCA
Linguiça de frango/porco refogada com sal,Carnes e derivados,TBCA
Linguiça de porco defumada crua,Carnes e derivados,TBCA
Linguiça de porco frescal crua,Carnes e derivados,TBCA
Linguiça de porco grelhada,Carnes e derivados,TBCA
Linguiça frita,Carnes e derivados,TBCA
Linguiça mista defumada,Carnes e derivados,TBCA
Linguiça tipo calabresa fininha,Carnes e derivados,TBCA
Linguiça toscana crua,Carnes e derivados,TBCA
Lombo canadense defumado,Carnes e derivados,TBCA
Lombo de búfalo crua,Carnes e derivados,TBCA
Lombo de cabrito cru,Carnes e derivados,TBCA
Lombo de capão cru,Carnes e derivados,TBCA
Lombo de cordeiro cru,Carnes e derivados,TBCA
Lombo de ovelha crua,Carnes e derivados,TBCA
Lombo de porco assado,Carnes e derivados,TBCA
"Lombo de porco assado e recheado com cebola, cenoura, pimentão vermelho, e sal",Carnes e derivados,TBCA
"Lombo de porco assado e recheado com cebola, damasco, cogumelo paris e sal",Carnes e derivados,TBCA
Lombo de porco assado e recheado com linguiça calabresa e sal,Carnes e derivados,TBCA
Lombo de porco cru,Carnes e derivados,TBCA
Lombo de porco empanado frito,Carnes e derivados,TBCA
Lombo de porco empanado frito,Carnes e derivados,TBCA
Lombo de porco frito,Carnes e derivados,TBCA
Lombo de porco frito com sal,Carnes e derivados,TBCA
"Lombo de porco grelhado/assado com manteiga, molho de abacaxi e mel, e pimenta do reino",Carnes e derivados,TBCA
"Lombo de porco grelhado/assado com manteiga, molho de abacaxi e mel, pimenta do reino e sal",Carnes e derivados,TBCA
Lombo de porco grelhado/assado com sal,Carnes e derivados,TBCA
Lombo de porco refogado,Carnes e derivados,TBCA
Lombo de porco refogado com sal,Carnes e derivados,TBCA
Lombo de porco temperado cru,Carnes e derivados,TBCA
Mamão de cabrito crua,Carnes e derivados,TBCA
"Maminha assada recheada com cebola, pimentão, tomate, linguiça calabresa e pimenta do reino",Carnes e derivados,TBCA
"Maminha assada recheada com cebola, pimentão, tomate, linguiça calabresa, pimenta do reino e sal",Carnes e derivados,TBCA
Maminha crua,Carnes e derivados,TBCA
Maminha frita,Carnes e derivados,TBCA
Maminha frita com sal,Carnes e derivados,TBCA
Maminha grelhada,Carnes e derivados,TBCA
Maminha grelhada com manteiga,Carnes e derivados,TBCA
Maminha grelhada com manteiga e sal,Carnes e derivados,TBCA
Maminha grelhada com óleo,Carnes e derivados,TBCA
Maminha grelhada com óleo e sal,Carnes e derivados,TBCA
Maminha grelhada/assada com sal,Carnes e derivados,TBCA
Miolo cozido,Carnes e derivados,TBCA
Miolo cozido com sal,Carnes e derivados,TBCA
Miolo de alcatra grelhada,Carnes e derivados,TBCA
Miolo de alcatra grelhada com manteiga,Carnes e derivados,TBCA
Miolo de alcatra grelhada com manteiga e sal,Carnes e derivados,TBCA
Miolo de alcatra grelhada com óleo,Carnes e derivados,TBCA
Miolo de alcatra grelhada com óleo e sal,Carnes e derivados,TBCA
Miolo de alcatra grelhada/assada com sal,Carnes e derivados,TBCA
"Mocotó bovino com feijão branco, tomate, e caldo de mocotó",Carnes e derivados,TBCA
Moela de frango cozida,Carnes e derivados,TBCA
Moela de frango cozida com sal,Carnes e derivados,TBCA
Moela de frango crua,Carnes e derivados,TBCA
Molho à bolonhesa com sal,Carnes e derivados,TBCA
Mortadela,Carnes e derivados,TBCA
Músculo cozido,Carnes e derivados,TBCA
"Músculo cozido com batata doce, cenoura e óleo",Carnes e derivados,TBCA
"Músculo cozido com batata doce, cenoura, óleo e sal",Carnes e derivados,TBCA
"Músculo cozido com batata, cenoura e óleo",Carnes e derivados,TBCA
"Músculo cozido com batata, cenoura, óleo e sal",Carnes e derivados,TBCA
"Músculo cozido com brócolis, cenoura e óleo",Carnes e derivados,TBCA
"Músculo cozido com brócolis, cenoura, óleo e sal",Carnes e derivados,TBCA
"Músculo cozido com cenoura, ervilha, molho de tomate e sal",Carnes e derivados,TBCA
"Músculo cozido com cenoura,ervilha, e molho de tomate",Carnes e derivados,TBCA
Músculo cozido com óleo,Carnes e derivados,TBCA
Músculo cozido com óleo e sal,Carnes e derivados,TBCA
Músculo cozido com sal,Carnes e derivados,TBCA
Músculo cru,Carnes e derivados,TBCA
Músculo refogado,Carnes e derivados,TBCA
Músculo refogado com sal,Carnes e derivados,TBCA
Músculo sem gordura externa de cordeiro cru,Carnes e derivados,TBCA
Nuggets crocante (Sadia),Carnes e derivados,TBCA
Orelha de porco cozida,Carnes e derivados,TBCA
Orelha de porco cozido com sal,Carnes e derivados,TBCA
Orelha de porco salgada crua,Carnes e derivados,TBCA
Paçoca de charque,Carnes e derivados,TBCA
Paçoca de pinhão com sal,Carnes e derivados,TBCA
Paleta com gordura crua,Carnes e derivados,TBCA
Paleta cozida,Carnes e derivados,TBCA
"Paleta cozida com batata doce, cenoura e óleo",Carnes e derivados,TBCA
"Paleta cozida com batata doce, cenoura, óleo e sal",Carnes e derivados,TBCA
"Paleta cozida com batata, cenoura e óleo",Carnes e derivados,TBCA
"Paleta cozida com batata, cenoura, óleo e sal",Carnes e derivados,TBCA
"Paleta cozida com brócolis, cenoura, e óleo",Carnes e derivados,TBCA
"Paleta cozida com brócolis, cenoura, óleo e sal",Carnes e derivados,TBCA
"Paleta cozida com ervilha, cenoura, e molho de tomate",Carnes e derivados,TBCA
"Paleta cozida com ervilha, cenoura, molho de tomate e sal",Carnes e derivados,TBCA
Paleta cozida com óleo,Carnes e derivados,TBCA
Paleta cozida com sal,Carnes e derivados,TBCA
Paleta cozida refogada com sal,Carnes e derivados,TBCA
Paleta crua,Carnes e derivados,TBCA
Paleta de cabrito crua,Carnes e derivados,TBCA
Paleta de capão crua,Carnes e derivados,TBCA
Paleta de cordeiro crua,Carnes e derivados,TBCA
Paleta de ovelha crua,Carnes e derivados,TBCA
Paleta de porco crua,Carnes e derivados,TBCA
Paleta frita,Carnes e derivados,TBCA
Paleta frita com sal,Carnes e derivados,TBCA
Paleta sem gordura refogada com sal,Carnes e derivados,TBCA
Patinho à milanesa frito,Carnes e derivados,TBCA
Patinho à milanesa frito com sal,Carnes e derivados,TBCA
Patinho cru,Carnes e derivados,TBCA
Patinho frito,Carnes e derivados,TBCA
Patinho frito com sal,Carnes e derivados,TBCA
Patinho grelhado,Carnes e derivados,TBCA
Patinho grelhado com manteiga,Carnes e derivados,TBCA
Patinho grelhado com manteiga e sal,Carnes e derivados,TBCA
Patinho grelhado com óleo,Carnes e derivados,TBCA
Patinho grelhado com óleo e sal,Carnes e derivados,TBCA
Patinho grelhado/assado com sal,Carnes e derivados,TBCA
Patinho refogado,Carnes e derivados,TBCA
Patinho refogado com sal,Carnes e derivados,TBCA
"Pato assado com tucupi, pimenta-de-cheiro, jambu, chicória e sal",Carnes e derivados,TBCA
Pato inteiro cozido e assado com sal,Carnes e derivados,TBCA
Pé de frango cozido,Carnes e derivados,TBCA
Pé de frango cozido com óleo e sal,Carnes e derivados,TBCA
Pé de frango cozido com sal,Carnes e derivados,TBCA
Pé de porco cozido,Carnes e derivados,TBCA
Pé de porco cozido com sal,Carnes e derivados,TBCA
Peito bovino cozido com sal,Carnes e derivados,TBCA
Peito bovino cru,Carnes e derivados,TBCA
Peito bovino frito,Carnes e derivados,TBCA
Peito bovino frito com sal,Carnes e derivados,TBCA
"Peito bovino grelhada com óleo, cebola e alho, s/ sal",Carnes e derivados,TBCA
Peito bovino grelhado,Carnes e derivados,TBCA
Peito bovino grelhado com manteiga,Carnes e derivados,TBCA
Peito bovino grelhado com manteiga e sal,Carnes e derivados,TBCA
Peito bovino grelhado com óleo e sal,Carnes e derivados,TBCA
Peito de frango à milanesa cru,Carnes e derivados,TBCA
Peito de frango assado,Carnes e derivados,TBCA
Peito de frango assado,Carnes e derivados,TBCA
Peito de frango assado com sal,Carnes e derivados,TBCA
"Peito de frango com batata, óleo e sal",Carnes e derivados,TBCA
"Peito de frango com vegetais - brócolis, cenoura",Carnes e derivados,TBCA
"Peito de frango com vegetais - cenoura, chuchu e vagem",Carnes e derivados,TBCA
Peito de frango cru,Carnes e derivados,TBCA
Peito de frango refogado com batata,Carnes e derivados,TBCA
Peito de frango refogado com legumes,Carnes e derivados,TBCA
Peito de frango sem pele cozido,Carnes e derivados,TBCA
Peito de frango sem pele cozido com óleo,Carnes e derivados,TBCA
Peito de frango sem pele cozido com óleo e sal,Carnes e derivados,TBCA
Peito de frango sem pele cozido com sal,Carnes e derivados,TBCA
Peito de frango sem pele cru,Carnes e derivados,TBCA
Peito de frango sem pele frito,Carnes e derivados,TBCA
Peito de frango sem pele frito com sal,Carnes e derivados,TBCA
Peito de frango sem pele grelhado,Carnes e derivados,TBCA
Peito de frango sem pele grelhado com sal,Carnes e derivados,TBCA
Peito de frango sem pele refogado,Carnes e derivados,TBCA
Peito de frango sem pele refogado com sal,Carnes e derivados,TBCA
Peito de peru defumado,Carnes e derivados,TBCA
Peito de peru sem pele à milanesa frito,Carnes e derivados,TBCA
Peito de peru sem pele à milanesa frito com sal,Carnes e derivados,TBCA
Peito de peru sem pele cozido com sal,Carnes e derivados,TBCA
Peito de peru sem pele cozido e drenado,Carnes e derivados,TBCA
Peito de peru sem pele cru,Carnes e derivados,TBCA
Peito de peru sem pele frito,Carnes e derivados,TBCA
Peito de peru sem pele frito com sal,Carnes e derivados,TBCA
Peito de peru sem pele grelhado/assado,Carnes e derivados,TBCA
Peito de peru sem pele grelhado/assado com sal,Carnes e derivados,TBCA
Pepperoni fatiado,Carnes e derivados,TBCA
Perna de cabrito crua,Carnes e derivados,TBCA
Perna de capão crua,Carnes e derivados,TBCA
Perna de cordeiro cru,Carnes e derivados,TBCA
"Perna de ovelha cozida com batata, cenoura, chuchu, abobrinha, ervilha em vagem e óleo",Carnes e derivados,TBCA
"Perna de ovelha cozida com batata, cenoura, chuchu, abobrinha, ervilha em vagem, óleo, e sal",Carnes e derivados,TBCA
Perna de ovelha cozida crua,Carnes e derivados,TBCA
Perna de ovelha cozida e assada,Carnes e derivados,TBCA
Perna de ovelha cozida e assada com sal,Carnes e derivados,TBCA
"Pernil de porco assada com tucupi, pimenta de cheiro, jambu, chicória e sal",Carnes e derivados,TBCA
Pernil de porco assado,Carnes e derivados,TBCA
Pernil de porco cru,Carnes e derivados,TBCA
Pernil de porco frito,Carnes e derivados,TBCA
Pernil de porco frito com sal,Carnes e derivados,TBCA
Pernil de porco grelhado/assado com sal,Carnes e derivados,TBCA
Pernil de porco refogado,Carnes e derivados,TBCA
Pernil de porco refogado com sal,Carnes e derivados,TBCA
Pernil e paleta de cabrito crua,Carnes e derivados,TBCA
Peru congelado assado,Carnes e derivados,TBCA
Peru congelado cru,Carnes e derivados,TBCA
Peru inteiro assado com manteiga e sal,Carnes e derivados,TBCA
"Peru inteiro assado recheado com farofa - farinha de mandioca, moela, fígado, tomate, azeitona e sal",Carnes e derivados,TBCA
Pescoço de cabrito cru,Carnes e derivados,TBCA
Picanha crua,Carnes e derivados,TBCA
Picanha crua,Carnes e derivados,TBCA
Picanha grelhada,Carnes e derivados,TBCA
Picanha grelhada com manteiga,Carnes e derivados,TBCA
Picanha grelhada com manteiga e sal,Carnes e derivados,TBCA
Picanha grelhada com óleo,Carnes e derivados,TBCA
Picanha grelhada com óleo e sal,Carnes e derivados,TBCA
Picanha grelhada com óleo e sal,Carnes e derivados,TBCA
Picanha grelhada/assada,Carnes e derivados,TBCA
Picanha grelhada/assada com sal,Carnes e derivados,TBCA
Picanha sem gordura grelhada,Carnes e derivados,TBCA
Picanha sem gordura grelhada com manteiga,Carnes e derivados,TBCA
Picanha sem gordura grelhada com manteiga e sal,Carnes e derivados,TBCA
Picanha sem gordura grelhada com óleo,Carnes e derivados,TBCA
Picanha sem gordura grelhada com óleo e sal,Carnes e derivados,TBCA
Picanha sem gordura grelhada com óleo e sal,Carnes e derivados,TBCA
Ponta de agulha crua,Carnes e derivados,TBCA
Presunto (Seara),Carnes e derivados,TBCA
Presunto (Wilson),Carnes e derivados,TBCA
Presunto c/ capa de gordura,Carnes e derivados,TBCA
"Presunto de peru cozido,",Carnes e derivados,TBCA
Presunto fatiado (Sadia),Carnes e derivados,TBCA
Presunto sem capa de gordura fatiado,Carnes e derivados,TBCA
Presunto tipo Parma,Carnes e derivados,TBCA
"Presunto, porco, cozido, p/ lanche (média de várias amostras)",Carnes e derivados,TBCA
"Presunto, porco, cozido, s/ capa de gordura",Carnes e derivados,TBCA
Pulmão bovino cozido,Carnes e derivados,TBCA
Pulmão bovino cozido com sal,Carnes e derivados,TBCA
Quarto dianteiro cru,Carnes e derivados,TBCA
Quarto dianteiro sem gordura cozido,Carnes e derivados,TBCA
"Quarto dianteiro sem gordura cozido com batata e vegetais - cenoura, chuchu, vagem, e óleo",Carnes e derivados,TBCA
"Quarto dianteiro sem gordura cozido com batata e vegetais - cenoura, chuchu, vagem, molho de tomate e sal",Carnes e derivados,TBCA
"Quarto dianteiro sem gordura cozido com batata e vegetais - cenoura, chuchu, vagem, óleo e sal",Carnes e derivados,TBCA
Quarto dianteiro sem gordura cozido com óleo,Carnes e derivados,TBCA
Quarto dianteiro sem gordura cozido com óleo e sal,Carnes e derivados,TBCA
Quarto traseiro cru,Carnes e derivados,TBCA
Quarto traseiro grelhado,Carnes e derivados,TBCA
Quarto traseiro grelhado com manteiga,Carnes e derivados,TBCA
Quarto traseiro grelhado com manteiga e sal,Carnes e derivados,TBCA
Quarto traseiro grelhado com óleo,Carnes e derivados,TBCA
Quarto traseiro grelhado com óleo,Carnes e derivados,TBCA
Quarto traseiro grelhado com óleo e sal,Carnes e derivados,TBCA
Quarto traseiro grelhado com sal,Carnes e derivados,TBCA
Quarto traseiro grelhado com sal,Carnes e derivados,TBCA
Quarto traseiro sem gordura cozido,Carnes e derivados,TBCA
"Quarto traseiro sem gordura cozido com batata e vegetais - cenoura, chuchu, vagem, molho de tomate e sal",Carnes e derivados,TBCA
"Quarto traseiro sem gordura cozido com batata e vegetais - cenoura, chuchu, vagem, óleo",Carnes e derivados,TBCA
"Quarto traseiro sem gordura cozido com batata e vegetais - cenoura, chuchu, vagem, óleo e sal",Carnes e derivados,TBCA
Quarto traseiro sem gordura cozido com óleo,Carnes e derivados,TBCA
Quarto traseiro sem gordura cozido com óleo e sal,Carnes e derivados,TBCA
Quarto traseiro sem gordura grelhado,Carnes e derivados,TBCA
Quarto traseiro sem gordura grelhado com manteiga,Carnes e derivados,TBCA
Quarto traseiro sem gordura grelhado com manteiga e sal,Carnes e derivados,TBCA
Quarto traseiro sem gordura grelhado com óleo,Carnes e derivados,TBCA
Quarto traseiro sem gordura grelhado com óleo,Carnes e derivados,TBCA
Quarto traseiro sem gordura grelhado com óleo,Carnes e derivados,TBCA
Quarto traseiro sem gordura grelhado com óleo e sal,Carnes e derivados,TBCA
Quarto traseiro sem gordura grelhado com sal,Carnes e derivados,TBCA
Quibe bovino assado,Carnes e derivados,TBCA
Quibe bovino cru,Carnes e derivados,TBCA
Quibe bovino cru com sal,Carnes e derivados,TBCA
Quibe bovino frito com sal,Carnes e derivados,TBCA
Quibe bovino industrializado frito,Carnes e derivados,TBCA
Rabo bovino cozido,Carnes e derivados,TBCA
Rabo bovino cozido,Carnes e derivados,TBCA
Rabo bovino cozido com sal,Carnes e derivados,TBCA
Rabo de crocodilo cru,Carnes e derivados,TBCA
Rabo de jacaré à milanesa frito,Carnes e derivados,TBCA
Rabo de porco cru,Carnes e derivados,TBCA
Redondo de avestruz (carne),Carnes e derivados,TBCA
Rosbife fatiado,Carnes e derivados,TBCA
Roupa velha de charque,Carnes e derivados,TBCA
Roupa velha de charque com sal,Carnes e derivados,TBCA
Salame de porco,Carnes e derivados,TBCA
Salame hamburguês,Carnes e derivados,TBCA
Salame italiano,Carnes e derivados,TBCA
Salame milano,Carnes e derivados,TBCA
Salaminho de porco,Carnes e derivados,TBCA
Salsicha aquecida,Carnes e derivados,TBCA
Salsicha de frango não aquecida,Carnes e derivados,TBCA
Salsicha de hot dog,Carnes e derivados,TBCA
Salsicha longuette,Carnes e derivados,TBCA
Salsicha não aquecida,Carnes e derivados,TBCA
Salsichão não aquecido,Carnes e derivados,TBCA
Sangue de porco cru,Carnes e derivados,TBCA
Sarapatel,Carnes e derivados,TBCA
Sarapatel com sal,Carnes e derivados,TBCA
Sassami de peito de frango cru,Carnes e derivados,TBCA
Sobrecoxa de frango assada,Carnes e derivados,TBCA
Sobrecoxa de frango crua,Carnes e derivados,TBCA
Sobrecoxa de frango crua (Seara),Carnes e derivados,TBCA
Sobrecoxa de frango sem pele assada,Carnes e derivados,TBCA
Steak tartare,Carnes e derivados,TBCA
Strogonoff de frango,Carnes e derivados,TBCA
Strogonoff de frango congelado com temperos e sal,Carnes e derivados,TBCA
Tender de frango com temperos e sal,Carnes e derivados,TBCA
Tender de porco com temperos e sal,Carnes e derivados,TBCA
Toucinho cru,Carnes e derivados,TBCA
Toucinho defumado (bacon) frito com alho e alecrim,Carnes e derivados,TBCA
Toucinho frito,Carnes e derivados,TBCA
Vaca atolada,Carnes e derivados,TBCA
Vaca atolada com sal,Carnes e derivados,TBCA
Vitela cozida,Carnes e derivados,TBCA
Vitela cozida com sal,Carnes e derivados,TBCA
Xinxim de bofe com sal,Carnes e derivados,TBCA
Xinxim de frango com sal,Carnes e derivados,TBCA
Acém cozido com sal,Carnes e derivados,TBCA 7.2
Acém cru,Carnes e derivados,TBCA 7.2
"Acém moído cozida com cenoura, abobrinha, milho, ervilha com óleo e sal",Carnes e derivados,TBCA 7.2
Acém moído cozido,Carnes e derivados,TBCA 7.2
"Acém moído cozido com azeitona, milho verde, ovo cozido com óleo",Carnes e derivados,TBCA 7.2
"Acém moído cozido com azeitona, milho verde, ovo cozido óleo e sal",Carnes e derivados,TBCA 7.2
Acém moído cozido com batata com óleo,Carnes e derivados,TBCA 7.2
"Acém moído cozido com batata e vegetais - cenoura, chuchu, vagem com óleo",Carnes e derivados,TBCA 7.2
"Acém moído cozido com batata e vegetais - cenoura, chuchu, vagem com óleo e sal",Carnes e derivados,TBCA 7.2
"Acém moído cozido com batata, óleo e sal",Carnes e derivados,TBCA 7.2
"Acém moído cozido com cenoura, abobrinha, milho, ervilha com óleo",Carnes e derivados,TBCA 7.2
Acém moído cozido com óleo,Carnes e derivados,TBCA 7.2
"Acém moído cozido com óleo de soja, cebola e alho com sal",Carnes e derivados,TBCA 7.2
"Acém moído cozido com vegetais - cenoura, chuchu e vagem com óleo e sal",Carnes e derivados,TBCA 7.2
"Acém moído cozido com vegetais - cenoura, chuchu, vagem com óleo",Carnes e derivados,TBCA 7.2
Acém moído cru,Carnes e derivados,TBCA 7.2
Acém moído refogado com óleo,Carnes e derivados,TBCA 7.2
Acém moído refogado com óleo e sal,Carnes e derivados,TBCA 7.2
Acém sem gordura à milanesa frito com óleo,Carnes e derivados,TBCA 7.2
Acém sem gordura à milanesa frito com sal,Carnes e derivados,TBCA 7.2
"Acém sem gordura cozida com pequi, pimentão, óleo, cebola e alho com noz moscada, pimenta do reino e sal",Carnes e derivados,TBCA 7.2
Acém sem gordura cozido,Carnes e derivados,TBCA 7.2
Acém sem gordura cozido com batata,Carnes e derivados,TBCA 7.2
Acém sem gordura cozido com batata e sal,Carnes e derivados,TBCA 7.2
Acém sem gordura cozido com óleo e sal,Carnes e derivados,TBCA 7.2
"Acém sem gordura cozido com óleo, cebola e alho sem sal",Carnes e derivados,TBCA 7.2
"Acém sem gordura cozido com pequi, pimentão, óleo, cebola e alho com noz moscada, pimenta do reino sem sal",Carnes e derivados,TBCA 7.2
Acém sem gordura frito com óleo,Carnes e derivados,TBCA 7.2
Acém sem gordura frito com óleo e sal,Carnes e derivados,TBCA 7.2
Alcatra à milanesa frita com óleo,Carnes e derivados,TBCA 7.2
Alcatra à milanesa frita com óleo e sal,Carnes e derivados,TBCA 7.2
"Alcatra acebolada com óleo de soja, pimenta do reino e sal",Carnes e derivados,TBCA 7.2
Alcatra crua,Carnes e derivados,TBCA 7.2
Alcatra de búfalo crua,Carnes e derivados,TBCA 7.2
Alcatra frita com óleo,Carnes e derivados,TBCA 7.2
Alcatra frita com óleo e sal,Carnes e derivados,TBCA 7.2
Alcatra refogada com óleo,Carnes e derivados,TBCA 7.2
Alcatra refogada com óleo e sal,Carnes e derivados,TBCA 7.2
Almôndega ao sugo,Carnes e derivados,TBCA 7.2
Almôndega de carne bovina grelhada com sal,Carnes e derivados,TBCA 7.2
Almôndega de carne bovina grelhada sem sal,Carnes e derivados,TBCA 7.2
Almôndega de carne de ave industrializada crua com sal,Carnes e derivados,TBCA 7.2
Almôndega de carne de boi crua com sal (Sadia),Carnes e derivados,TBCA 7.2
Almôndega de carne de boi industrializada crua com sal,Carnes e derivados,TBCA 7.2
Almôndega de carne de boi industrializada frita com sal,Carnes e derivados,TBCA 7.2
Almôndega de frango crua com sal (Sadia),Carnes e derivados,TBCA 7.2
Apresuntado cozido,Carnes e derivados,TBCA 7.2
Apresuntado fatiado cozido (Sadia),Carnes e derivados,TBCA 7.2
Apresuntado metro cozido (Seara),Carnes e derivados,TBCA 7.2
Apresuntado retangular cozido (Seara),Carnes e derivados,TBCA 7.2
Arrumadinho de frango com sal,Carnes e derivados,TBCA 7.2
Arrumadinho de frango sem sal,Carnes e derivados,TBCA 7.2
Asa de frango com pele à milanesa frita com óleo com sal,Carnes e derivados,TBCA 7.2
Asa de frango com pele à milanesa frita com óleo de soja,Carnes e derivados,TBCA 7.2
Asa de frango com pele assada,Carnes e derivados,TBCA 7.2
Asa de frango com pele assada com sal,Carnes e derivados,TBCA 7.2
Asa de frango com pele cozida,Carnes e derivados,TBCA 7.2
Asa de frango com pele cozida com sal,Carnes e derivados,TBCA 7.2
Asa de frango com pele crua,Carnes e derivados,TBCA 7.2
Asa de frango com pele frita com óleo de soja,Carnes e derivados,TBCA 7.2
Asa de frango com pele frita com óleo de soja e sal,Carnes e derivados,TBCA 7.2
Asa de frango com pele refogada,Carnes e derivados,TBCA 7.2
Asa de frango com pele refogada com sal,Carnes e derivados,TBCA 7.2
Atolado de frango com sal,Carnes e derivados,TBCA 7.2
Atolado de frango sem sal,Carnes e derivados,TBCA 7.2
Baço bovino cozido,Carnes e derivados,TBCA 7.2
Baço bovino refogado com óleo e sal,Carnes e derivados,TBCA 7.2
Barreado com sal,Carnes e derivados,TBCA 7.2
Barreado sem sal,Carnes e derivados,TBCA 7.2
Bife à cavalo com sal,Carnes e derivados,TBCA 7.2
Bife à cavalo sem sal,Carnes e derivados,TBCA 7.2
Bife à parmegiana com sal,Carnes e derivados,TBCA 7.2
Bife à parmegiana sem sal,Carnes e derivados,TBCA 7.2
Bife à role com carne bovina e sal,Carnes e derivados,TBCA 7.2
Bife à role sem sal,Carnes e derivados,TBCA 7.2
Bisteca de porco crua,Carnes e derivados,TBCA 7.2
Bisteca de porco empanada frita com óleo de soja,Carnes e derivados,TBCA 7.2
Bisteca de porco empanada frita com óleo de soja e sal,Carnes e derivados,TBCA 7.2
Bisteca de porco frita com óleo de soja,Carnes e derivados,TBCA 7.2
Bisteca de porco frita com óleo de soja e sal,Carnes e derivados,TBCA 7.2
"Bisteca de porco frita com óleo, cebola, alho e sal",Carnes e derivados,TBCA 7.2
Bisteca de porco grelhada,Carnes e derivados,TBCA 7.2
Bisteca de porco refogada,Carnes e derivados,TBCA 7.2
Bisteca de porco refogada com óleo e sal,Carnes e derivados,TBCA 7.2
Bisteca suína grelhada/assada com sal,Carnes e derivados,TBCA 7.2
Blanquet fatiado cozido (Sadia),Carnes e derivados,TBCA 7.2
Bolinho de mandioca recheada com carne moída caseiro frito,Carnes e derivados,TBCA 7.2
Bolinho de mandioca recheado com carne moída caseiro frito,Carnes e derivados,TBCA 7.2
Bovina filé mignon sem gordura refogada com óleo e sal,Carnes e derivados,TBCA 7.2
Bucho bovino cozido,Carnes e derivados,TBCA 7.2
Bucho bovino cozido com óleo,Carnes e derivados,TBCA 7.2
Bucho bovino cozido com sal,Carnes e derivados,TBCA 7.2
Bucho bovino cozido com sal,Carnes e derivados,TBCA 7.2
Bucho bovino cru,Carnes e derivados,TBCA 7.2
Cabrito assado,Carnes e derivados,TBCA 7.2
"Cabrito cozido com batata, cenoura, chuchu, abobrinha, ervilha em vagem, alecrim e com óleo, cebola, alho e pimenta do reino",Carnes e derivados,TBCA 7.2
"Cabrito cozido com batata, cenoura, chuchu, abobrinha, ervilha em vagem, alecrim e com óleo, cebola, alho e pimenta do reino com sal",Carnes e derivados,TBCA 7.2
Cabrito cozido e assado,Carnes e derivados,TBCA 7.2
Cabrito cozido e assado com sal,Carnes e derivados,TBCA 7.2
Caldeirada de cabrito com sal,Carnes e derivados,TBCA 7.2
Caldeirada de cabrito sem sal,Carnes e derivados,TBCA 7.2
Caldeirada de cordeiro com sal,Carnes e derivados,TBCA 7.2
Caldeirada de cordeiro sem sal,Carnes e derivados,TBCA 7.2
Caldo de carne caseiro,Carnes e derivados,TBCA 7.2
Caldo de carne com sal,Carnes e derivados,TBCA 7.2
Caldo de frango caseiro,Carnes e derivados,TBCA 7.2
Caldo de mocotó,Carnes e derivados,TBCA 7.2
Caldo de mocotó com sal,Carnes e derivados,TBCA 7.2
Capa de contra-filé com gordura crua,Carnes e derivados,TBCA 7.2
Capa de contra-filé com gordura grelhada,Carnes e derivados,TBCA 7.2
Capa de contra-filé com gordura grelhada com manteiga,Carnes e derivados,TBCA 7.2
Capa de contra-filé com gordura grelhada com manteiga e sal,Carnes e derivados,TBCA 7.2
Capa de contra-filé com gordura grelhada com óleo,Carnes e derivados,TBCA 7.2
Capa de contra-filé com gordura grelhada molho mostarde,Carnes e derivados,TBCA 7.2
Capa de contra-filé sem gordura grelhada,Carnes e derivados,TBCA 7.2
Capa de contra-filé sem gordura grelhada com manteiga,Carnes e derivados,TBCA 7.2
Capa de contra-filé sem gordura grelhada com manteiga e sal,Carnes e derivados,TBCA 7.2
Capa de contra-filé sem gordura grelhada com óleo,Carnes e derivados,TBCA 7.2
Capa de contra-filé sem gordura grelhada com óleo e cebola e sal,Carnes e derivados,TBCA 7.2
"Carne (acém, capa de contrafilé, costela, músculo, paleta, peito) cozida/grelhada/assada com sal",Carnes e derivados,TBCA 7.2
"Carne (acém, paleta, peito) frita com óleo de soja e sal",Carnes e derivados,TBCA 7.2
"Carne (alcatra, contrafilé, coxão mole, filé mignon, lagarto, patinho) cozida/grelhada/assada com sal",Carnes e derivados,TBCA 7.2
"Carne (alcatra, contrafilé, coxão mole, filé mignon, lagarto, patinho) frita com óleo e sal",Carnes e derivados,TBCA 7.2
"Carne (alcatra, contrafilé, coxão mole, filé mignon, lagarto, patinho) refogada com óleo e sal",Carnes e derivados,TBCA 7.2
"Carne (alcatra, contrafilé, coxão mole, filé mignon, patinho) à milanesa frita com óleo de soja e sal",Carnes e derivados,TBCA 7.2
Carne bovina em conserva,Carnes e derivados,TBCA 7.2
Carne bovina em conserva,Carnes e derivados,TBCA 7.2
Carne de avestruz cozida,Carnes e derivados,TBCA 7.2
Carne de avestruz crua,Carnes e derivados,TBCA 7.2
Carne de búfalo crua,Carnes e derivados,TBCA 7.2
Carne de cabrito assada com sal,Carnes e derivados,TBCA 7.2
"Carne de cabrito cozido com cenoura, chuchu, abobrinha, ervilha em vagem, alecrim, óleo, cebola alho e pimenta do reino",Carnes e derivados,TBCA 7.2
"Carne de cabrito cozido com cenoura, chuchu, abobrinha, ervilha em vagem, alecrim, óleo, cebola alho. pimenta do reino  e sal",Carnes e derivados,TBCA 7.2
Carne de cabrito cozido com óleo de soja e sal,Carnes e derivados,TBCA 7.2
Carne de cabrito crua,Carnes e derivados,TBCA 7.2
Carne de cabrito crua,Carnes e derivados,TBCA 7.2
"Carne de caça (capivara, coelho) cozida assada com sal",Carnes e derivados,TBCA 7.2
"Carne de caça (capivara, coelho) cozida e assada",Carnes e derivados,TBCA 7.2
Carne de caça (esquilo) crua,Carnes e derivados,TBCA 7.2
Carne de caça (paca) assada,Carnes e derivados,TBCA 7.2
Carne de caça crua,Carnes e derivados,TBCA 7.2
Carne de capão (meia carcaça) crua,Carnes e derivados,TBCA 7.2
Carne de capão cru,Carnes e derivados,TBCA 7.2
Carne de capão crua,Carnes e derivados,TBCA 7.2
Carne de coelho cozida,Carnes e derivados,TBCA 7.2
Carne de coelho cozida com sal,Carnes e derivados,TBCA 7.2
Carne de coelho selecta crua,Carnes e derivados,TBCA 7.2
Carne de cordeiro (meia carcaça) crua,Carnes e derivados,TBCA 7.2
Carne de cordeiro cru,Carnes e derivados,TBCA 7.2
Carne de frango crua,Carnes e derivados,TBCA 7.2
Carne de frango preparada,Carnes e derivados,TBCA 7.2
Carne de novilho crua,Carnes e derivados,TBCA 7.2
Carne de ovelha (meia carcaça) crua,Carnes e derivados,TBCA 7.2
Carne de ovelha cozida com óleo de soja e sal,Carnes e derivados,TBCA 7.2
Carne de ovelha crua,Carnes e derivados,TBCA 7.2
"Carne de pato assada com tucupi, pimenta-de-cheiro, jambu, chicória (coentro bravo), cebola, alho e sal",Carnes e derivados,TBCA 7.2
Carne de porco (vísceras)  refogada com óleo de soja e sal,Carnes e derivados,TBCA 7.2
Carne de porco (vísceras) cozida,Carnes e derivados,TBCA 7.2
Carne de porco (vísceras) cozida com óleo de soja,Carnes e derivados,TBCA 7.2
Carne de porco (vísceras) cozida com sal,Carnes e derivados,TBCA 7.2
Carne de porco (vísceras) crua,Carnes e derivados,TBCA 7.2
Carne de porco cozida,Carnes e derivados,TBCA 7.2
"Carne de porco cozida com batata, cenoura, chuchu, vagem, molho de tomate e sal",Carnes e derivados,TBCA 7.2
"Carne de porco cozida com batata, cenoura, chuchu, vagem, óleo, cebola e alho com sal",Carnes e derivados,TBCA 7.2
"Carne de porco cozida com batata, cenoura, chuchu, vagem, óleo, cebola, alho e sal",Carnes e derivados,TBCA 7.2
Carne de porco cozida com sal,Carnes e derivados,TBCA 7.2
Carne de porco crua,Carnes e derivados,TBCA 7.2
Carne de porco preparada,Carnes e derivados,TBCA 7.2
Carne de rã crua,Carnes e derivados,TBCA 7.2
Carne de seca dessalgada crua,Carnes e derivados,TBCA 7.2
Carne de tartaruga/ jabuti cozida com sal,Carnes e derivados,TBCA 7.2
Carne de tartaruga/jabuti cozida,Carnes e derivados,TBCA 7.2
Carne de tracajá à milanesa com sal,Carnes e derivados,TBCA 7.2
Carne de tracajá assado,Carnes e derivados,TBCA 7.2
Carne de tracajá assado à milanesa,Carnes e derivados,TBCA 7.2
Carne de tracajá assado com sal,Carnes e derivados,TBCA 7.2
Carne de Tracajá com arroz e sal,Carnes e derivados,TBCA 7.2
Carne de Tracajá cozida,Carnes e derivados,TBCA 7.2
"Carne de Tracajá cozida com cebolinha, alho, colorau (urucum), pimenta do reino e sal",Carnes e derivados,TBCA 7.2
"Carne de Tracajá cozida com cebolinha, alho, cúrcuma, pimenta do reino e sal",Carnes e derivados,TBCA 7.2
Carne de Tracajá frita com óleo de soja e sal,Carnes e derivados,TBCA 7.2
Carne de Tracajá frito com óleo de soja,Carnes e derivados,TBCA 7.2
"Carne de Tracajá refogada com óleo de soja, cebola, alho e sal",Carnes e derivados,TBCA 7.2
Carne de veado crua,Carnes e derivados,TBCA 7.2
Carne desfiada (carne louca),Carnes e derivados,TBCA 7.2
Carne desfiada (carne louca) com sal,Carnes e derivados,TBCA 7.2
"Carne e pele de galinha da angola cozida com óleo de soja, cebola, alho e sal",Carnes e derivados,TBCA 7.2
Carne e pele de galinha da angola cozida com sal,Carnes e derivados,TBCA 7.2
Carne e pele de galinha da angola crua,Carnes e derivados,TBCA 7.2
Carne e pele de ganso com sal,Carnes e derivados,TBCA 7.2
Carne e pele de ganso cozida com sal,Carnes e derivados,TBCA 7.2
"Carne e pele de ganso cozidos  com óleo de soja, cebola, alho, e sal",Carnes e derivados,TBCA 7.2
"Carne moída sem gordura, crua",Carnes e derivados,TBCA 7.2
Carne seca cozida,Carnes e derivados,TBCA 7.2
Carne seca crua,Carnes e derivados,TBCA 7.2
Carne seca crua,Carnes e derivados,TBCA 7.2
Carne seca dessalgada cozida,Carnes e derivados,TBCA 7.2
Carne seca dessalgada frita com óleo de soja,Carnes e derivados,TBCA 7.2
Carne seca dessalgada refogada com óleo,Carnes e derivados,TBCA 7.2
"Charque com abóbora cabotian, salsa com óleo e sal",Carnes e derivados,TBCA 7.2
"Charque com batata e vegetais - cenoura, chuchu e vagem com óleo e sal",Carnes e derivados,TBCA 7.2
"Charque com mandioca, extrato de tomate, pimentão, cebolinha óleo e sal",Carnes e derivados,TBCA 7.2
Charque com óleo de soja e sal,Carnes e derivados,TBCA 7.2
Charque cozido,Carnes e derivados,TBCA 7.2
Charque dessalgada frita com óleo,Carnes e derivados,TBCA 7.2
Charque dessalgada refogada com óleo,Carnes e derivados,TBCA 7.2
Churrasquinho (espetinho) de carne bovina sem sal,Carnes e derivados,TBCA 7.2
Churrasquinho (espetinho) decarne bovina com sal,Carnes e derivados,TBCA 7.2
Churrasquinho misto (espetinho) com sal,Carnes e derivados,TBCA 7.2
Churrasquinho misto (espetinho) sem sal,Carnes e derivados,TBCA 7.2
Contra-filé à milanesa frito,Carnes e derivados,TBCA 7.2
Contra-filé à milanesa frito com sal,Carnes e derivados,TBCA 7.2
Contra-filé bovino cru,Carnes e derivados,TBCA 7.2
Contra-filé com gordura cru,Carnes e derivados,TBCA 7.2
Contra-filé com gordura grelhada com óleo e sal,Carnes e derivados,TBCA 7.2
Contra-filé de costela grelhada,Carnes e derivados,TBCA 7.2
Contra-filé de costela grelhada com manteiga,Carnes e derivados,TBCA 7.2
Contra-filé de costela grelhada com manteiga e sal,Carnes e derivados,TBCA 7.2
Contra-filé de costela grelhada com óleo,Carnes e derivados,TBCA 7.2
Contra-filé de costela grelhada com óleo de soja e sal,Carnes e derivados,TBCA 7.2
Contra-filé de costela grelhada com óleo e sal,Carnes e derivados,TBCA 7.2
Contra-filé de costela grelhada com sal,Carnes e derivados,TBCA 7.2
Contra-filé grelhado/frito,Carnes e derivados,TBCA 7.2
Contra-filé grelhado/frito com manteiga,Carnes e derivados,TBCA 7.2
Contra-filé grelhado/frito com manteiga e sal,Carnes e derivados,TBCA 7.2
Contra-filé grelhado/frito com óleo,Carnes e derivados,TBCA 7.2
Contra-filé grelhado/frito com óleo,Carnes e derivados,TBCA 7.2
Contra-filé grelhado/frito com óleo e sal,Carnes e derivados,TBCA 7.2
Contra-filé grelhado/frito com óleo e sal,Carnes e derivados,TBCA 7.2
Contra-filé sem gordura crua,Carnes e derivados,TBCA 7.2
Contra-filé sem gordura crua,Carnes e derivados,TBCA 7.2
Contra-filé sem gordura grelhado com manteiga,Carnes e derivados,TBCA 7.2
Contra-filé sem gordura grelhado com manteiga e sal,Carnes e derivados,TBCA 7.2
Contra-filé sem gordura grelhado com óleo,Carnes e derivados,TBCA 7.2
Contrafilé sem gordura frita com óleo e sal,Carnes e derivados,TBCA 7.2
Contrafilé sem gordura frito com óleo,Carnes e derivados,TBCA 7.2
Contrafilé sem gordura grelhado,Carnes e derivados,TBCA 7.2
Contrafilé sem gordura grelhado/assado com sal,Carnes e derivados,TBCA 7.2
Contrafilé sem gordura refogado com óleo,Carnes e derivados,TBCA 7.2
Contrafilé sem gordura refogado com óleo e sal,Carnes e derivados,TBCA 7.2
Coração bovino cozido,Carnes e derivados,TBCA 7.2
Coração bovino cozido com óleo e sal,Carnes e derivados,TBCA 7.2
Coração bovino cozido com sal,Carnes e derivados,TBCA 7.2
Coração de frango à milanesa com sal,Carnes e derivados,TBCA 7.2
Coração de frango assado na brasa,Carnes e derivados,TBCA 7.2
Coração de frango cozido,Carnes e derivados,TBCA 7.2
Coração de frango cozido com sal,Carnes e derivados,TBCA 7.2
Coração de frango cru (Seara),Carnes e derivados,TBCA 7.2
Coração de frango frito,Carnes e derivados,TBCA 7.2
Coração de frango frito com óleo de soja,Carnes e derivados,TBCA 7.2
Coração de frango frito cru com óleo de soja e sal,Carnes e derivados,TBCA 7.2
Coração de frango grelhado,Carnes e derivados,TBCA 7.2
Coração de frango grelhado com sal,Carnes e derivados,TBCA 7.2
Coração de frango refogado com óleo,Carnes e derivados,TBCA 7.2
Coração de frango refogado com sal,Carnes e derivados,TBCA 7.2
Costela assada,Carnes e derivados,TBCA 7.2
Costela assada,Carnes e derivados,TBCA 7.2
Costela assada com batata e cebola,Carnes e derivados,TBCA 7.2
"Costela assada com batata, cebola e sal",Carnes e derivados,TBCA 7.2
"Costela assada com cenoura, abobrinha e cebola",Carnes e derivados,TBCA 7.2
"Costela assada com cenoura, abobrinha e cebola e sal",Carnes e derivados,TBCA 7.2
"Costela assada com mandioca, cebola e sal",Carnes e derivados,TBCA 7.2
Costela assada com sal,Carnes e derivados,TBCA 7.2
Costela cozida com óleo e sal,Carnes e derivados,TBCA 7.2
Costela cozida com sal,Carnes e derivados,TBCA 7.2
Costela crua,Carnes e derivados,TBCA 7.2
Costela de cabrito crua,Carnes e derivados,TBCA 7.2
Costela de porco assada com sal,Carnes e derivados,TBCA 7.2
Costela de porco crua,Carnes e derivados,TBCA 7.2
Costela de porco crua,Carnes e derivados,TBCA 7.2
Costela de porco frita com óleo de soja,Carnes e derivados,TBCA 7.2
Costela de porco frita com óleo de soja e sal,Carnes e derivados,TBCA 7.2
Costela de porco refogada,Carnes e derivados,TBCA 7.2
Costela de porco refogada com sal,Carnes e derivados,TBCA 7.2
Coxa de frango com pele assada,Carnes e derivados,TBCA 7.2
Coxa de frango com pele assada com sal,Carnes e derivados,TBCA 7.2
Coxa de frango com pele crua,Carnes e derivados,TBCA 7.2
Coxa de frango com pele crua (Seara),Carnes e derivados,TBCA 7.2
Coxa de frango sem pele cozida,Carnes e derivados,TBCA 7.2
Coxa de frango sem pele cozida com sal,Carnes e derivados,TBCA 7.2
Coxa de frango sem pele crua,Carnes e derivados,TBCA 7.2
Coxa de peru à milanesa,Carnes e derivados,TBCA 7.2
Coxa de peru à milanesa com sal,Carnes e derivados,TBCA 7.2
Coxa de peru cozida com óleo de soja e sal,Carnes e derivados,TBCA 7.2
Coxa de peru cozida e refogado com,Carnes e derivados,TBCA 7.2
Coxa de peru frita com óleo de soja,Carnes e derivados,TBCA 7.2
Coxa de peru frita com óleo de soja e sal,Carnes e derivados,TBCA 7.2
Coxa de peru sem pele assada,Carnes e derivados,TBCA 7.2
Coxa de peru sem pele assada com sal,Carnes e derivados,TBCA 7.2
Coxa de peru sem pele cozida,Carnes e derivados,TBCA 7.2
Coxa de peru sem pele cozida com sal,Carnes e derivados,TBCA 7.2
Coxa de peru sem pele crua,Carnes e derivados,TBCA 7.2
Coxa de rã crua,Carnes e derivados,TBCA 7.2
Coxa e dorso de rã  à milanesa,Carnes e derivados,TBCA 7.2
Coxa e dorso de rã à milanesa com sal,Carnes e derivados,TBCA 7.2
Coxa e dorso de rã cozida com óleo e sal,Carnes e derivados,TBCA 7.2
Coxa e dorso de rã cozida com sal,Carnes e derivados,TBCA 7.2
Coxa e dorso de rã cozidos,Carnes e derivados,TBCA 7.2
Coxa e dorso de rã crus,Carnes e derivados,TBCA 7.2
Coxa e dorso de rã fritos com óleo,Carnes e derivados,TBCA 7.2
Coxa e dorso de rã fritos com óleo e sal,Carnes e derivados,TBCA 7.2
Coxa e dorso de rã refogados com óleo de soja e sal,Carnes e derivados,TBCA 7.2
Coxa e sobrecoxa de frango sem pele crua,Carnes e derivados,TBCA 7.2
Coxa e sobrecoxa de frango sem pele crua,Carnes e derivados,TBCA 7.2
Coxa externa de avestruz crua,Carnes e derivados,TBCA 7.2
Coxa interna de avestruz crua,Carnes e derivados,TBCA 7.2
Coxão duro cru,Carnes e derivados,TBCA 7.2
Coxão duro sem  gordura cozido com óleo e sal,Carnes e derivados,TBCA 7.2
Coxão duro sem gordura cozida com óleo de soja e sal,Carnes e derivados,TBCA 7.2
Coxão duro sem gordura cozido com óleo,Carnes e derivados,TBCA 7.2
Coxão duro sem gordura cozido sem óleo e al,Carnes e derivados,TBCA 7.2
Coxão mole de búfalo cru,Carnes e derivados,TBCA 7.2
Coxão mole sem gordura à milanesa frito com óleo de soja,Carnes e derivados,TBCA 7.2
Coxão mole sem gordura à milanesa frito com óleo e sal,Carnes e derivados,TBCA 7.2
Coxão mole sem gordura cozido,Carnes e derivados,TBCA 7.2
Coxão mole sem gordura cozido com óleo,Carnes e derivados,TBCA 7.2
Coxão mole sem gordura cozido com óleo e sal,Carnes e derivados,TBCA 7.2
Coxão mole sem gordura cozido com sal,Carnes e derivados,TBCA 7.2
Coxão mole sem gordura cru,Carnes e derivados,TBCA 7.2
Coxão mole sem gordura frita com óleo,Carnes e derivados,TBCA 7.2
Coxão mole sem gordura frita com óleo de soja,Carnes e derivados,TBCA 7.2
"Coxão mole sem gordura frita com óleo de soja, milho verde e sal",Carnes e derivados,TBCA 7.2
Coxão mole sem gordura frito com óleo de soja e milho verde,Carnes e derivados,TBCA 7.2
Coxão mole sem gordura frito com óleo de soja e sal,Carnes e derivados,TBCA 7.2
Coxão mole sem gordura frito com óleo e queijo muçarela,Carnes e derivados,TBCA 7.2
Coxão mole sem gordura frito com óleo e sal,Carnes e derivados,TBCA 7.2
"Coxão mole sem gordura frito com óleo, queijo muçarela e sal",Carnes e derivados,TBCA 7.2
Coxinha de frango industrializada frita,Carnes e derivados,TBCA 7.2
Cozido argentino (Locro) com sal e alho,Carnes e derivados,TBCA 7.2
Croquete de carne caseiro frito com óleo de soja,Carnes e derivados,TBCA 7.2
Croquete de carne de boi crua com sal,Carnes e derivados,TBCA 7.2
Croquete de carne de boi industrializado frito com sal,Carnes e derivados,TBCA 7.2
Cupim assado,Carnes e derivados,TBCA 7.2
Cupim assado com sal,Carnes e derivados,TBCA 7.2
Cupim cru,Carnes e derivados,TBCA 7.2
Cupim frito com óleo de soja,Carnes e derivados,TBCA 7.2
Cupim frito com óleo e sal,Carnes e derivados,TBCA 7.2
Dorso de rã cru,Carnes e derivados,TBCA 7.2
Empada de frango pré-cozida,Carnes e derivados,TBCA 7.2
Empada de frango pré-cozida assada,Carnes e derivados,TBCA 7.2
Empanados tipo nuggets crocante cru,Carnes e derivados,TBCA 7.2
Enroladinho de salsicha caseiro frito com óleo de soja,Carnes e derivados,TBCA 7.2
Entrevero de pinhão com sal,Carnes e derivados,TBCA 7.2
Espetinho de kafta assado com sal,Carnes e derivados,TBCA 7.2
Espetinho de kafta assado sem sal,Carnes e derivados,TBCA 7.2
Estrogonofe de carne moída com palmito e sal,Carnes e derivados,TBCA 7.2
Estrogonofe de carne sem sal,Carnes e derivados,TBCA 7.2
Estrogonofe de frango sem sal,Carnes e derivados,TBCA 7.2
Estrogonoffe de carne com sal,Carnes e derivados,TBCA 7.2
Estrogonoffe de frango com sal,Carnes e derivados,TBCA 7.2
Fiambre de frango cozido,Carnes e derivados,TBCA 7.2
Fígado bovino à milanesa frito com óleo de soja,Carnes e derivados,TBCA 7.2
Fígado bovino à milanesa frito com óleo de soja e sal,Carnes e derivados,TBCA 7.2
Fígado bovino cru,Carnes e derivados,TBCA 7.2
Fígado bovino frito com óleo de soja,Carnes e derivados,TBCA 7.2
Fígado bovino frito com óleo de soja e sal,Carnes e derivados,TBCA 7.2
Fígado bovino grelhado,Carnes e derivados,TBCA 7.2
"Fígado bovino grelhado com óleo, cebola e sal",Carnes e derivados,TBCA 7.2
Fígado bovino grelhado com sal,Carnes e derivados,TBCA 7.2
Fígado bovino grelhado óleo e cebola,Carnes e derivados,TBCA 7.2
Fígado bovino refogado com óleo,Carnes e derivados,TBCA 7.2
Fígado bovino refogado com óleo e sal,Carnes e derivados,TBCA 7.2
Fígado de frango à milanesa,Carnes e derivados,TBCA 7.2
Fígado de frango à milanesa com sal,Carnes e derivados,TBCA 7.2
Fígado de frango à milanesa com sal,Carnes e derivados,TBCA 7.2
Fígado de frango cozido com sal,Carnes e derivados,TBCA 7.2
Fígado de frango cru,Carnes e derivados,TBCA 7.2
Fígado de frango cru,Carnes e derivados,TBCA 7.2
Fígado de frango frito com óleo de soja,Carnes e derivados,TBCA 7.2
Fígado de frango refogado com óleo,Carnes e derivados,TBCA 7.2
Fígado de frango refogado com óleo e sal,Carnes e derivados,TBCA 7.2
Filé de frango à parmegiana,Carnes e derivados,TBCA 7.2
Filé de peito de frango à milanesa frito com óleo,Carnes e derivados,TBCA 7.2
Filé de peito de frango à milanesa frito com óleo e sal,Carnes e derivados,TBCA 7.2
Filé de peito de frango cru (Seara),Carnes e derivados,TBCA 7.2
Filé de peito de frango/galinha sem pele empanado cru,Carnes e derivados,TBCA 7.2
Filé mignon sem gordura à milanesa frtio com óleo de soja,Carnes e derivados,TBCA 7.2
Filé mignon sem gordura à milanesa frtio com óleo de soja e sal,Carnes e derivados,TBCA 7.2
Filé mignon sem gordura cru,Carnes e derivados,TBCA 7.2
Filé mignon sem gordura frito com óleo de soja,Carnes e derivados,TBCA 7.2
Filé mignon sem gordura frito com óleo e sal,Carnes e derivados,TBCA 7.2
Filé mignon sem gordura grelhada,Carnes e derivados,TBCA 7.2
Filé mignon sem gordura grelhado com manteiga,Carnes e derivados,TBCA 7.2
Filé mignon sem gordura grelhado com manteiga e sal,Carnes e derivados,TBCA 7.2
Filé mignon sem gordura grelhado com óleo,Carnes e derivados,TBCA 7.2
Filé mignon sem gordura grelhado com óleo e sal,Carnes e derivados,TBCA 7.2
Filé mignon sem gordura grelhado/assado com sal,Carnes e derivados,TBCA 7.2
Filé mignon sem gordura refogado com óleo,Carnes e derivados,TBCA 7.2
Filé mingon de avestruz crua,Carnes e derivados,TBCA 7.2
Flanco sem gordura cozido,Carnes e derivados,TBCA 7.2
Flanco sem gordura cozido com batata e cenoura com óleo e sal,Carnes e derivados,TBCA 7.2
"Flanco sem gordura cozido com batata, cenoura e óleo",Carnes e derivados,TBCA 7.2
"Flanco sem gordura cozido com batata, cenoura, chuchu e vagem com óleo",Carnes e derivados,TBCA 7.2
"Flanco sem gordura cozido com batata, cenoura, chuchu e vagem com óleo e sal",Carnes e derivados,TBCA 7.2
Flanco sem gordura cozido com óleo,Carnes e derivados,TBCA 7.2
Flanco sem gordura cozido com óleo e sal,Carnes e derivados,TBCA 7.2
Flanco sem gordura cru,Carnes e derivados,TBCA 7.2
Fraldinha com gordura cozida,Carnes e derivados,TBCA 7.2
"Fraldinha com gordura cozida com batata, cenoura e óleo",Carnes e derivados,TBCA 7.2
"Fraldinha com gordura cozida com batata, cenoura, óleo e sal",Carnes e derivados,TBCA 7.2
Fraldinha com gordura cozida com óleo,Carnes e derivados,TBCA 7.2
Fraldinha com gordura cozida com óleo e sal,Carnes e derivados,TBCA 7.2
Fraldinha com gordura cozida com sal,Carnes e derivados,TBCA 7.2
Fraldinha com gordura crua,Carnes e derivados,TBCA 7.2
Fraldinha com gordura frita com óleo de soja e sal,Carnes e derivados,TBCA 7.2
Fraldinha com gordura fritacom óleo de soja,Carnes e derivados,TBCA 7.2
Fraldinha com gordura grelhada/assada,Carnes e derivados,TBCA 7.2
Fraldinha com gordura grelhada/assada com sal,Carnes e derivados,TBCA 7.2
Frango à passarinho frito com óleo de soja com suco de limão e sal,Carnes e derivados,TBCA 7.2
Frango à passarinho frito com óleo de soja e com suco de limão,Carnes e derivados,TBCA 7.2
Frango ao molho pardo (frango de cabidela),Carnes e derivados,TBCA 7.2
"Frango assado com tucupi, pimenta-de-cheiro, jambu, chicória (coentro bravo), cebola, alho e sal",Carnes e derivados,TBCA 7.2
Frango caipira inteiro com pele cozido,Carnes e derivados,TBCA 7.2
"Frango caipira inteiro com pele cozido com salsa, molho de tomate e pimenta-do-reino",Carnes e derivados,TBCA 7.2
"Frango caipira inteiro com pele cozido com salsa, molho de tomate e pimenta-do-reino com sal",Carnes e derivados,TBCA 7.2
"Frango caipira inteiro com pele cozido com salsa, óleo, cebola, alho e pimenta-do-reino",Carnes e derivados,TBCA 7.2
"Frango caipira inteiro com pele cozido com salsa, óleo, cebola, alho, pimenta-do-reino e sal",Carnes e derivados,TBCA 7.2
Frango caipira inteiro cozido,Carnes e derivados,TBCA 7.2
Frango caipira inteiro cozido com sal,Carnes e derivados,TBCA 7.2
Frango caipira inteiro inteiro cru,Carnes e derivados,TBCA 7.2
Frango caipira inteiro sem pele cozido,Carnes e derivados,TBCA 7.2
Frango caipira inteiro sem pele cozido com sal,Carnes e derivados,TBCA 7.2
"Frango caipira inteiro sem pele cozido com salsa, óleo, cebola, alho e pimenta-do-reino",Carnes e derivados,TBCA 7.2
"Frango caipira inteiro sem pele cozido com salsa, óleo, cebola, alho e pimenta-do-reino com sal",Carnes e derivados,TBCA 7.2
Frango com açafrão (cúrcuma) e sal,Carnes e derivados,TBCA 7.2
Frango com açafrão (cúrcuma) sem sal,Carnes e derivados,TBCA 7.2
Frango empanado tipo nuggets congelado assado,Carnes e derivados,TBCA 7.2
Frango empanado tipo nuggets congelado cru,Carnes e derivados,TBCA 7.2
Frango empanado tipo nuggets congelado frtio com óleo de soja,Carnes e derivados,TBCA 7.2
Frango inteiro à milanesa frito com óleo de soja e sal,Carnes e derivados,TBCA 7.2
Frango inteiro com pele cru,Carnes e derivados,TBCA 7.2
Frango inteiro com pele cru,Carnes e derivados,TBCA 7.2
Frango inteiro cozido por 30 minutos,Carnes e derivados,TBCA 7.2
Frango inteiro refogado com óleo e sal,Carnes e derivados,TBCA 7.2
Frango inteiro sem pele assado,Carnes e derivados,TBCA 7.2
Frango inteiro sem pele assado,Carnes e derivados,TBCA 7.2
Frango inteiro sem pele cru,Carnes e derivados,TBCA 7.2
Frango inteiro sem pele frito com óleo de soja,Carnes e derivados,TBCA 7.2
Frango inteiro sem pele frito com óleo de soja e sal,Carnes e derivados,TBCA 7.2
Frango xadrez,Carnes e derivados,TBCA 7.2
Fricassé de carne moída com sal,Carnes e derivados,TBCA 7.2
Fricassé de carne moída sem sal,Carnes e derivados,TBCA 7.2
Fricassé de frango com sal,Carnes e derivados,TBCA 7.2
Fricassé de frango sem sal,Carnes e derivados,TBCA 7.2
Galeto assado,Carnes e derivados,TBCA 7.2
Galeto assado com sal,Carnes e derivados,TBCA 7.2
Goulash com sal,Carnes e derivados,TBCA 7.2
Goulash sem sal,Carnes e derivados,TBCA 7.2
Hambúrguer bovino cru,Carnes e derivados,TBCA 7.2
Hambúrguer bovino grelhado à pizzaiolo com orégano e sal,Carnes e derivados,TBCA 7.2
Hambúrguer bovino industrializado frito,Carnes e derivados,TBCA 7.2
Hambúrguer bovino industrializado grelhado,Carnes e derivados,TBCA 7.2
Hambúrguer cru,Carnes e derivados,TBCA 7.2
Hambúrguer de frango cru,Carnes e derivados,TBCA 7.2
Hambúrguer de frango cru,Carnes e derivados,TBCA 7.2
Hambúrguer de frango industrializado grelhado,Carnes e derivados,TBCA 7.2
Jardineira de frango com sal,Carnes e derivados,TBCA 7.2
Lagarto cozido,Carnes e derivados,TBCA 7.2
"Lagarto cozido com cenoura, ervilha e molho de tomate com sal",Carnes e derivados,TBCA 7.2
Lagarto cozido com óleo,Carnes e derivados,TBCA 7.2
Lagarto cozido com óleo e sal,Carnes e derivados,TBCA 7.2
Lagarto cozido com sal,Carnes e derivados,TBCA 7.2
Lagarto cru,Carnes e derivados,TBCA 7.2
Lagarto frito com óleo de soja,Carnes e derivados,TBCA 7.2
Lagarto frito com óleo de soja e sal,Carnes e derivados,TBCA 7.2
Lagarto recheado com calabresa e sal,Carnes e derivados,TBCA 7.2
Lagarto recheado com calabresa sem sal,Carnes e derivados,TBCA 7.2
Lagarto recheado com cenoura e sal,Carnes e derivados,TBCA 7.2
Lagarto recheado com cenoura sem sal,Carnes e derivados,TBCA 7.2
Lagarto recheado com presunto e queijo com sal,Carnes e derivados,TBCA 7.2
Lagarto recheado com presunto e queijo sem sal,Carnes e derivados,TBCA 7.2
Lagarto refogado com óleo,Carnes e derivados,TBCA 7.2
Lagarto refogado com óleo e sal,Carnes e derivados,TBCA 7.2
"Largarto cozido com cenoura, ervilha e  molho de tomate",Carnes e derivados,TBCA 7.2
Leque de avestruz crua (carne),Carnes e derivados,TBCA 7.2
Língua de boi cozida,Carnes e derivados,TBCA 7.2
Língua de boi cozida ao molho vermelho com sal,Carnes e derivados,TBCA 7.2
"Língua de boi cozida com cenoura, ervilha e molho de tomate",Carnes e derivados,TBCA 7.2
"Língua de boi cozida com cenoura, ervilha e molho de tomate com sal",Carnes e derivados,TBCA 7.2
Língua de boi cozida com sal,Carnes e derivados,TBCA 7.2
"Língua de boi cozida recheada com cenoura, pimentão vermelho e molho de tomate com sal",Carnes e derivados,TBCA 7.2
Língua de boi cozida recheada com linguiça calabresa e molho de tomate com sal,Carnes e derivados,TBCA 7.2
Língua de boi crua,Carnes e derivados,TBCA 7.2
Língua de boi refogada com óleo e sal,Carnes e derivados,TBCA 7.2
Linguiça calabresa à milanesa,Carnes e derivados,TBCA 7.2
Linguiça calabresa assada no forno com sal,Carnes e derivados,TBCA 7.2
Linguiça calabresa cozida com óleo de soja e sal,Carnes e derivados,TBCA 7.2
Linguiça calabresa cozida com sal,Carnes e derivados,TBCA 7.2
Linguiça calabresa frita com óleo de soja e sal,Carnes e derivados,TBCA 7.2
Linguiça calabresa refogada com sal,Carnes e derivados,TBCA 7.2
Linguiça crua,Carnes e derivados,TBCA 7.2
Linguiça de frango crua (Sadia),Carnes e derivados,TBCA 7.2
Linguiça de frango crua (Seara),Carnes e derivados,TBCA 7.2
Linguiça de frango fresca frita com adição de gordura e sal,Carnes e derivados,TBCA 7.2
Linguiça de frango fresca frita sem sal,Carnes e derivados,TBCA 7.2
Linguiça de frango grelhada,Carnes e derivados,TBCA 7.2
Linguiça de frango/porco fresca crua,Carnes e derivados,TBCA 7.2
Linguiça de frango/porco fresca frita com sal,Carnes e derivados,TBCA 7.2
Linguiça de frango/porco fresca frita sem sal,Carnes e derivados,TBCA 7.2
Linguiça de frango/porco fresca grelhada/assada com óleo de soja sem sal,Carnes e derivados,TBCA 7.2
Linguiça de frango/porco fresca grelhada/assada com sal,Carnes e derivados,TBCA 7.2
Linguiça de frango/porco fresca grelhada/assada sem sal,Carnes e derivados,TBCA 7.2
Linguiça de frango/porco fresca refogada com sal,Carnes e derivados,TBCA 7.2
Linguiça de frango/porco fresca refogada sem sal,Carnes e derivados,TBCA 7.2
Linguiça de porco defumada crua,Carnes e derivados,TBCA 7.2
Linguiça de porco grelhada,Carnes e derivados,TBCA 7.2
Linguiça frango crua,Carnes e derivados,TBCA 7.2
Linguiça frescal de porco crua,Carnes e derivados,TBCA 7.2
Linguiça frita,Carnes e derivados,TBCA 7.2
Linguiça mista defumada crua (Sadia),Carnes e derivados,TBCA 7.2
Linguiça tipo calabresa fininha (Seara),Carnes e derivados,TBCA 7.2
Linguiça toscana crua,Carnes e derivados,TBCA 7.2
Lombo assado rechado com linguiça calabresa e sal,Carnes e derivados,TBCA 7.2
Lombo canadense defumado,Carnes e derivados,TBCA 7.2
Lombo de búfalo cru,Carnes e derivados,TBCA 7.2
Lombo de capão cru,Carnes e derivados,TBCA 7.2
Lombo de cordeiro cru,Carnes e derivados,TBCA 7.2
Lombo de ovelha cru,Carnes e derivados,TBCA 7.2
Lombo de porco  temperado cru,Carnes e derivados,TBCA 7.2
Lombo de porco à milanesa,Carnes e derivados,TBCA 7.2
Lombo de porco à milanesa com sal,Carnes e derivados,TBCA 7.2
Lombo de porco assado,Carnes e derivados,TBCA 7.2
"Lombo de porco assado e recheado com cebola, cenoura, pimentão vermelho e sal",Carnes e derivados,TBCA 7.2
"Lombo de porco assado e recheado com cebola, damasco, cogumelo paris com sal",Carnes e derivados,TBCA 7.2
Lombo de porco assado/grelhado com óleo de soja e sal,Carnes e derivados,TBCA 7.2
Lombo de porco cru,Carnes e derivados,TBCA 7.2
Lombo de porco empanado e frito com óleo de soja,Carnes e derivados,TBCA 7.2
Lombo de porco empanado e frito com óleo e sal,Carnes e derivados,TBCA 7.2
Lombo de porco frito com óleo de soja,Carnes e derivados,TBCA 7.2
Lombo de porco frito com óleo de soja e sal,Carnes e derivados,TBCA 7.2
"Lombo de porco grelhado/assado com manteiga, molho de abacaxi e mel e pimenta-do-reino",Carnes e derivados,TBCA 7.2
"Lombo de porco grelhado/assado com manteiga, molho de abacaxi e mel, pimenta-do-reino e sal",Carnes e derivados,TBCA 7.2
Lombo de porco grelhado/assado com sal,Carnes e derivados,TBCA 7.2
Lombo de porco refogadao com óleo e sal,Carnes e derivados,TBCA 7.2
Lombo de porco refogado com óleo,Carnes e derivados,TBCA 7.2
Lombom de cabrito cru,Carnes e derivados,TBCA 7.2
Mamão de cabrito cru,Carnes e derivados,TBCA 7.2
Maminha crua,Carnes e derivados,TBCA 7.2
Maminha frita com óleo de soja,Carnes e derivados,TBCA 7.2
Maminha frita com óleo de soja e sal,Carnes e derivados,TBCA 7.2
Maminha grelhada,Carnes e derivados,TBCA 7.2
Maminha grelhada com manteiga,Carnes e derivados,TBCA 7.2
Maminha grelhada com manteiga e sal,Carnes e derivados,TBCA 7.2
Maminha grelhada com óleo,Carnes e derivados,TBCA 7.2
Maminha grelhada com óleo e sal,Carnes e derivados,TBCA 7.2
Maminha grelhada/assada com sal,Carnes e derivados,TBCA 7.2
"Maminha sem gordura assada recheada com cebola, pimentão, tomate, linguiça calabresa e pimenta-do-reino",Carnes e derivados,TBCA 7.2
"Maminha sem gordura assada recheado com cebola, pimentão, tomate, linguiça calabresa e pimenta-do-reino com sal",Carnes e derivados,TBCA 7.2
Miolo de alcatra grelhada/assada com sal,Carnes e derivados,TBCA 7.2
Miolo de alcatra sem gordura grelhada,Carnes e derivados,TBCA 7.2
Miolo de alcatra sem gordura grelhada com manteiga,Carnes e derivados,TBCA 7.2
Miolo de alcatra sem gordura grelhada com manteiga e sal,Carnes e derivados,TBCA 7.2
Miolo de alcatra sem gordura grelhada com óleo,Carnes e derivados,TBCA 7.2
Miolo de alcatra sem gordura grelhada com óleo e sal,Carnes e derivados,TBCA 7.2
Miolo de boi cozido,Carnes e derivados,TBCA 7.2
Miolo de boi cozido com sal,Carnes e derivados,TBCA 7.2
Míudos de frango à milanesa,Carnes e derivados,TBCA 7.2
Míudos de frango à milanesa com sal,Carnes e derivados,TBCA 7.2
Míudos de frango à milanesa sem sal,Carnes e derivados,TBCA 7.2
Míudos de frango cru,Carnes e derivados,TBCA 7.2
Míudos de frango cru,Carnes e derivados,TBCA 7.2
"Mocotó bovino com feijão branco, tomate, caldo de mocotó, óleo, cebola, alho e sal",Carnes e derivados,TBCA 7.2
Moela de frango à milanesa,Carnes e derivados,TBCA 7.2
Moela de frango cozida,Carnes e derivados,TBCA 7.2
Moela de frango cozida com sal,Carnes e derivados,TBCA 7.2
Moela de frango crua,Carnes e derivados,TBCA 7.2
Molho à bolonhesa com sal,Carnes e derivados,TBCA 7.2
Mortadela,Carnes e derivados,TBCA 7.2
Músculo bovino sem gordura cru,Carnes e derivados,TBCA 7.2
Músculo de cordeiro sem gordura externa cru,Carnes e derivados,TBCA 7.2
Músculo refogao com óleo,Carnes e derivados,TBCA 7.2
Músculo sem gordura cozido,Carnes e derivados,TBCA 7.2
Músculo sem gordura cozido com batata doce e cenoura com óleo,Carnes e derivados,TBCA 7.2
Músculo sem gordura cozido com batata doce e cenoura com óleo e sal,Carnes e derivados,TBCA 7.2
Músculo sem gordura cozido com batata e cenoura com óleo,Carnes e derivados,TBCA 7.2
"Músculo sem gordura cozido com batata, cenoura, óleo e sal",Carnes e derivados,TBCA 7.2
Músculo sem gordura cozido com brócolis e cenoura com óleo,Carnes e derivados,TBCA 7.2
Músculo sem gordura cozido com brócolis e cenoura com óleo e sal,Carnes e derivados,TBCA 7.2
"Músculo sem gordura cozido com cenoura, ervilha e molho de tomate",Carnes e derivados,TBCA 7.2
"Músculo sem gordura cozido com óleo, cebola e alho",Carnes e derivados,TBCA 7.2
Músculo sem gordura cozido com sal,Carnes e derivados,TBCA 7.2
Músucolo sem gordura cozido com óleo e sal,Carnes e derivados,TBCA 7.2
"Músucolo sem gordura refogad com óleo, cebola e alho e sal",Carnes e derivados,TBCA 7.2
Orelha de porco cozida,Carnes e derivados,TBCA 7.2
Orelha de porco cozida com sal,Carnes e derivados,TBCA 7.2
Orelha de porco salgada crua,Carnes e derivados,TBCA 7.2
"Ossobuco (chambari) com mandioca (aipim, macaxeira)",Carnes e derivados,TBCA 7.2
Ossobuco (chambari) com mandioca e sal,Carnes e derivados,TBCA 7.2
"Ossobuco (chambari) cozido com salsa, cebolinha, pimenta-do-reino, com óleo, cebola,alho e sal",Carnes e derivados,TBCA 7.2
"Ossobuco cozido com salsa, cebolinha, pimenta-do-reino, com óleo, cebola e alho",Carnes e derivados,TBCA 7.2
Ossobuco de vitela com gordura cozida,Carnes e derivados,TBCA 7.2
Paçoca de charque,Carnes e derivados,TBCA 7.2
Paçoca de pinhão com sal,Carnes e derivados,TBCA 7.2
Paleta de boi sem gordura cozida com batata doce e cenoura com óleo e sal,Carnes e derivados,TBCA 7.2
Paleta de boi sem gordura cozida com óleo,Carnes e derivados,TBCA 7.2
Paleta de boi sem gordura crua,Carnes e derivados,TBCA 7.2
Paleta de cabrito crua,Carnes e derivados,TBCA 7.2
Paleta de cordeiro crua,Carnes e derivados,TBCA 7.2
Paleta de ovelha crua,Carnes e derivados,TBCA 7.2
Paleta de porco crua,Carnes e derivados,TBCA 7.2
Paleta sem gordura cozida,Carnes e derivados,TBCA 7.2
Paleta sem gordura cozida com batata doce e cenoura com óleo,Carnes e derivados,TBCA 7.2
Paleta sem gordura cozida com brócolis e cenoura com óleo,Carnes e derivados,TBCA 7.2
"Paleta sem gordura cozida com ervilha, cenoura e molho de tomate com sal",Carnes e derivados,TBCA 7.2
Paleta sem gordura cozida e refogada com óleo e sal,Carnes e derivados,TBCA 7.2
Paleta sem gordura frita com óleo de soja,Carnes e derivados,TBCA 7.2
Paleta sem gordura refogada com óleo,Carnes e derivados,TBCA 7.2
Paleta sem gordura refogada com óleo e sal,Carnes e derivados,TBCA 7.2
Palete de boi com gordura crua,Carnes e derivados,TBCA 7.2
"Palete de boi sem gordura cozida com ervilha, cenoura e molho de tomate",Carnes e derivados,TBCA 7.2
Palete de boi sem gordura cozida com sal,Carnes e derivados,TBCA 7.2
"Palete sem gordura cozida com batata, cenoura e óleo",Carnes e derivados,TBCA 7.2
"Palete sem gordura cozida com batata, cenoura e óleo com sal",Carnes e derivados,TBCA 7.2
Palete sem gordura cozida com brócolis e cenoura com óleo e sal,Carnes e derivados,TBCA 7.2
Palete sem gordura frita com óleo de soja e sal,Carnes e derivados,TBCA 7.2
Panelada com sal,Carnes e derivados,TBCA 7.2
Panelada sem sal,Carnes e derivados,TBCA 7.2
Patinho crua,Carnes e derivados,TBCA 7.2
Patinho sem gordura à milanesa frita com óleo,Carnes e derivados,TBCA 7.2
Patinho sem gordura à milanesa frita com óleo e sal,Carnes e derivados,TBCA 7.2
Patinho sem gordura frita com óleo de soja,Carnes e derivados,TBCA 7.2
Patinho sem gordura frita com óleo e sal,Carnes e derivados,TBCA 7.2
Patinho sem gordura grelhada,Carnes e derivados,TBCA 7.2
Patinho sem gordura grelhada com óleo,Carnes e derivados,TBCA 7.2
Patinho sem gordura grelhada com óleo e sal,Carnes e derivados,TBCA 7.2
Patinho sem gordura grelhado com manteiga,Carnes e derivados,TBCA 7.2
Patinho sem gordura grelhado com manteiga e sal,Carnes e derivados,TBCA 7.2
Patinho sem gordura grelhado/assado com sal,Carnes e derivados,TBCA 7.2
Patinho sem gordura refogad com óleo,Carnes e derivados,TBCA 7.2
Patinho sem gordura refogado com óleo e sal,Carnes e derivados,TBCA 7.2
Pato com pele cozido e assado,Carnes e derivados,TBCA 7.2
Pato inteiro assado com sal,Carnes e derivados,TBCA 7.2
Pé de frango cozido com óleo de soja e sal,Carnes e derivados,TBCA 7.2
Pé de frango cozido com sal,Carnes e derivados,TBCA 7.2
Pé de porco cozido,Carnes e derivados,TBCA 7.2
Pé de porco cozido com sal,Carnes e derivados,TBCA 7.2
Peito de boi sem gordura cozido com sal,Carnes e derivados,TBCA 7.2
Peito de boi sem gordura crua,Carnes e derivados,TBCA 7.2
Peito de boi sem gordura frita com óleo,Carnes e derivados,TBCA 7.2
Peito de boi sem gordura frita com óleo e sal,Carnes e derivados,TBCA 7.2
Peito de boi sem gordura grelhado,Carnes e derivados,TBCA 7.2
Peito de boi sem gordura grelhado com manteiga,Carnes e derivados,TBCA 7.2
Peito de boi sem gordura grelhado com manteiga e sal,Carnes e derivados,TBCA 7.2
Peito de boi sem gordura grelhado com óleo,Carnes e derivados,TBCA 7.2
Peito de boi sem gordura grelhado com óleo e sal,Carnes e derivados,TBCA 7.2
Peito de frango à milanesa,Carnes e derivados,TBCA 7.2
Peito de frango à milanesa cru,Carnes e derivados,TBCA 7.2
"Peito de frango com batata, óleo e sal",Carnes e derivados,TBCA 7.2
Peito de frango com brócolis e cenoura com óleo e sal,Carnes e derivados,TBCA 7.2
Peito de frango com brócolis e cenoura com óleo e sal,Carnes e derivados,TBCA 7.2
"Peito de frango com cenoura, chuchu, vagem, óleo, cebola, alho e sal",Carnes e derivados,TBCA 7.2
Peito de frango com pele cru,Carnes e derivados,TBCA 7.2
Peito de frango grelhado à pizzaiolo,Carnes e derivados,TBCA 7.2
Peito de frango refogado com cenoura e vagem,Carnes e derivados,TBCA 7.2
Peito de frango refogado com cenoura e vagem,Carnes e derivados,TBCA 7.2
Peito de frango sassami cru (Seara),Carnes e derivados,TBCA 7.2
Peito de frango sem pele assado,Carnes e derivados,TBCA 7.2
Peito de frango sem pele cozido,Carnes e derivados,TBCA 7.2
Peito de frango sem pele cozido com óleo de soja,Carnes e derivados,TBCA 7.2
Peito de frango sem pele cozido com óleo de soja e sal,Carnes e derivados,TBCA 7.2
Peito de frango sem pele cozido com sal,Carnes e derivados,TBCA 7.2
Peito de frango sem pele cru,Carnes e derivados,TBCA 7.2
Peito de frango sem pele frito com óleo de soja,Carnes e derivados,TBCA 7.2
Peito de frango sem pele frito com óleo de soja  e sal,Carnes e derivados,TBCA 7.2
Peito de frango sem pele grelhado,Carnes e derivados,TBCA 7.2
"Peito de frango sem pele grelhado com  óleo de soja, alho e pimenta do reino",Carnes e derivados,TBCA 7.2
"Peito de frango sem pele grelhado com óleo de soja, alho e pimenta do reino com sal",Carnes e derivados,TBCA 7.2
Peito de frango sem pele grelhado com sal,Carnes e derivados,TBCA 7.2
Peito de frango sem pele refogado,Carnes e derivados,TBCA 7.2
Peito de frango sem pele refogado com sal,Carnes e derivados,TBCA 7.2
Peito de peru cozido com óleo de soja e sal,Carnes e derivados,TBCA 7.2
Peito de peru cozido com sal,Carnes e derivados,TBCA 7.2
Peito de peru defumado,Carnes e derivados,TBCA 7.2
Peito de peru refogado com sal,Carnes e derivados,TBCA 7.2
Peito de peru sem pele à milanesa frito com óleo de soja,Carnes e derivados,TBCA 7.2
Peito de peru sem pele à milanesa frito com óleo de soja e sal,Carnes e derivados,TBCA 7.2
Peito de peru sem pele cru,Carnes e derivados,TBCA 7.2
Peito de peru sem pele cru,Carnes e derivados,TBCA 7.2
Peito de peru sem pele frito com óleo de soja,Carnes e derivados,TBCA 7.2
Peito de peru sem pele frito com óleo de soja e sal,Carnes e derivados,TBCA 7.2
Peito de peru sem pele grelhado/assado,Carnes e derivados,TBCA 7.2
Peito de peru sem pele grelhado/assado com sal,Carnes e derivados,TBCA 7.2
Pepperoni fatiado,Carnes e derivados,TBCA 7.2
Perna de cabrito crua,Carnes e derivados,TBCA 7.2
Perna de capão cru,Carnes e derivados,TBCA 7.2
Perna de cordeiro crua,Carnes e derivados,TBCA 7.2
"Perna de ovelha cozida com batata, cenoura, chuchu, abobrinha, ervilha em  vagem com óleo, cebola, alho, alecrim e pimenta do reino",Carnes e derivados,TBCA 7.2
"Perna de ovelha cozida com batata, cenoura, chuchu, abobrinha, ervilha em  vagem com óleo, cebola, alho, alecrim e pimenta do reino com sal",Carnes e derivados,TBCA 7.2
"Perna de ovelha cozida com batata, cenoura, chuchu, abobrinha, ervilha em vagem com óleo, cebola e alho,  alecrim, pimenta do reino e sal",Carnes e derivados,TBCA 7.2
Perna de ovelha cozida e assada com sal,Carnes e derivados,TBCA 7.2
Perna de ovelha perna crua,Carnes e derivados,TBCA 7.2
Pernil de porco assado,Carnes e derivados,TBCA 7.2
"Pernil de porco assado com tucupi, pimenta-de-cheiro, jambu, chicória e coentro bravo com sal",Carnes e derivados,TBCA 7.2
Pernil de porco cru,Carnes e derivados,TBCA 7.2
Pernil de porco frito com óleo de soja,Carnes e derivados,TBCA 7.2
Pernil de porco frito com óleo e sal,Carnes e derivados,TBCA 7.2
Pernil de porco grelhado/assado com sal,Carnes e derivados,TBCA 7.2
Pernil de porco refogado com óleo,Carnes e derivados,TBCA 7.2
Pernil de porco refogado com óleo e sal,Carnes e derivados,TBCA 7.2
Pernil e paleta de cabrito crus,Carnes e derivados,TBCA 7.2
"Peru assado inteiro recheado com farofa de mandioca, moela e fígado, tomate e azeitona com óleo, cebola, alho e sal",Carnes e derivados,TBCA 7.2
Peru congelado assado sem sal,Carnes e derivados,TBCA 7.2
Peru congelado cru,Carnes e derivados,TBCA 7.2
Peru inteiro assado com manteiga e sal,Carnes e derivados,TBCA 7.2
Pescoço de cabrito cru,Carnes e derivados,TBCA 7.2
Pescoço de frango sem osso e com pele cru,Carnes e derivados,TBCA 7.2
Pescoço de frango sem osso e sem pele cru,Carnes e derivados,TBCA 7.2
Picanha com gordura grelhada,Carnes e derivados,TBCA 7.2
Picanha com gordura grelhada com manteiga,Carnes e derivados,TBCA 7.2
Picanha com gordura grelhada com manteiga e sal,Carnes e derivados,TBCA 7.2
Picanha com gordura grelhada com óleo,Carnes e derivados,TBCA 7.2
Picanha com gordura grelhada com óleo e sal,Carnes e derivados,TBCA 7.2
Picanha com gordura grelhada com óleo e sal,Carnes e derivados,TBCA 7.2
Picanha com gordura grelhada com óleo e sal,Carnes e derivados,TBCA 7.2
Picanha com gordura grelhada com sal,Carnes e derivados,TBCA 7.2
Picanha crua,Carnes e derivados,TBCA 7.2
Picanha crua,Carnes e derivados,TBCA 7.2
Picanha grelhada/assada,Carnes e derivados,TBCA 7.2
Picanha grelhada/assada com sal,Carnes e derivados,TBCA 7.2
Picanha sem gordura grelhada,Carnes e derivados,TBCA 7.2
Picanha sem gordura grelhada com manteiga,Carnes e derivados,TBCA 7.2
Picanha sem gordura grelhada com manteiga e sal,Carnes e derivados,TBCA 7.2
Picanha sem gordura grelhada com óleo de soja e sal,Carnes e derivados,TBCA 7.2
Picanha sem gordura grelhada com óleo e sal,Carnes e derivados,TBCA 7.2
Picanha sem gordura grelhada com óleo e sal,Carnes e derivados,TBCA 7.2
Picanha sem gordura grelhada com óleo e sal,Carnes e derivados,TBCA 7.2
Picanha sem gordura grelhada com sal,Carnes e derivados,TBCA 7.2
Pieto de frango com pele assado,Carnes e derivados,TBCA 7.2
Ponta de aguulha crua,Carnes e derivados,TBCA 7.2
Presunto com capa de gordura,Carnes e derivados,TBCA 7.2
Presunto com capa de gordura (Sadia),Carnes e derivados,TBCA 7.2
Presunto cozido (Seara),Carnes e derivados,TBCA 7.2
Presunto cozido (Wilson),Carnes e derivados,TBCA 7.2
Presunto cozido para lanche,Carnes e derivados,TBCA 7.2
Presunto de peru cozido,Carnes e derivados,TBCA 7.2
Presunto sem capa de gordura,Carnes e derivados,TBCA 7.2
Presunto sem capa de gordura,Carnes e derivados,TBCA 7.2
Presunto tipo Parma,Carnes e derivados,TBCA 7.2
Pulmão bovino cozido,Carnes e derivados,TBCA 7.2
Pulmão de boi cozido com sal,Carnes e derivados,TBCA 7.2
Quarto dianteiro cru,Carnes e derivados,TBCA 7.2
Quarto dianteiro sem gordura cozida,Carnes e derivados,TBCA 7.2
"Quarto dianteiro sem gordura cozido com batata, cenoura, chuch e vagem com óleo, cebola e alho com sal",Carnes e derivados,TBCA 7.2
"Quarto dianteiro sem gordura cozido com batata, cenoura, chuchu e vagem com óleo",Carnes e derivados,TBCA 7.2
Quarto dianteiro sem gordura cozido com óleo,Carnes e derivados,TBCA 7.2
Quarto dianteiro sem gordura cozido com óleo e sal,Carnes e derivados,TBCA 7.2
Quarto traseiro com gordura greçhado com óleo e sal,Carnes e derivados,TBCA 7.2
Quarto traseiro com gordura grelhada com óleo,Carnes e derivados,TBCA 7.2
Quarto traseiro com gordura grelhada e molho de mostarda com sal,Carnes e derivados,TBCA 7.2
Quarto traseiro com gordura grelhado,Carnes e derivados,TBCA 7.2
Quarto traseiro com gordura grelhado com óleo e cebola,Carnes e derivados,TBCA 7.2
Quarto traseiro com gordura grelhado com óleo e sal,Carnes e derivados,TBCA 7.2
Quarto traseiro com gordura grelhado com sal,Carnes e derivados,TBCA 7.2
Quarto traseiro com gordura grelhado e molho de mostarda,Carnes e derivados,TBCA 7.2
Quarto traseiro com gordura grelhado e molho de tomate com sal,Carnes e derivados,TBCA 7.2
Quarto traseiro cru,Carnes e derivados,TBCA 7.2
Quarto traseiro sem gordura assado bacon com sal,Carnes e derivados,TBCA 7.2
Quarto traseiro sem gordura assado recheado com linguiça calabresa e sal,Carnes e derivados,TBCA 7.2
Quarto traseiro sem gordura assado recheado com queijo muçarela e sal,Carnes e derivados,TBCA 7.2
"Quarto traseiro sem gordura cozida com batata, cenoura, chuchu e vagem com óleo",Carnes e derivados,TBCA 7.2
"Quarto traseiro sem gordura cozida com batata, cenoura, chuchu e vagem com óleo e sal",Carnes e derivados,TBCA 7.2
Quarto traseiro sem gordura cozida com óleo e sal,Carnes e derivados,TBCA 7.2
Quarto traseiro sem gordura cozido,Carnes e derivados,TBCA 7.2
Quarto traseiro sem gordura cozido com óleo,Carnes e derivados,TBCA 7.2
Quarto traseiro sem gordura grelhado,Carnes e derivados,TBCA 7.2
Quarto traseiro sem gordura grelhado com manteiga,Carnes e derivados,TBCA 7.2
Quarto traseiro sem gordura grelhado com manteiga e sal,Carnes e derivados,TBCA 7.2
Quarto traseiro sem gordura grelhado com óleo,Carnes e derivados,TBCA 7.2
Quarto traseiro sem gordura grelhado com óleo,Carnes e derivados,TBCA 7.2
Quarto traseiro sem gordura grelhado com óleo e sal,Carnes e derivados,TBCA 7.2
Quarto traseiro sem gordura grelhado com óleo e sal,Carnes e derivados,TBCA 7.2
Quarto traseiro sem gordura grelhado com sal,Carnes e derivados,TBCA 7.2
Quartro traseiro com gordura grelhado com manteiga e sal,Carnes e derivados,TBCA 7.2
Quibe bovino assado,Carnes e derivados,TBCA 7.2
Quibe bovino assado,Carnes e derivados,TBCA 7.2
Quibe bovino cru com sal,Carnes e derivados,TBCA 7.2
Quibe bovino cru sem sal,Carnes e derivados,TBCA 7.2
Quibe bovino frito com sal,Carnes e derivados,TBCA 7.2
Quibe bovino industrializado frito,Carnes e derivados,TBCA 7.2
Quibe bovino industrializado frito,Carnes e derivados,TBCA 7.2
Quibe com carne bovina e quinoa assado,Carnes e derivados,TBCA 7.2
Quibe com carne bovina e quinoa assado com sal,Carnes e derivados,TBCA 7.2
"Rabada bovina com batata, agrião, molho de tomate, pimentão, óleo, cebola e alho com pimenta do reino e sal",Carnes e derivados,TBCA 7.2
"Rabada bovina com batata, agrião, molho de tomate, pimentão, óleo, cebola e alho com pimenta do reino sem sal",Carnes e derivados,TBCA 7.2
Rabo bovino cozido,Carnes e derivados,TBCA 7.2
Rabo de boi cozido,Carnes e derivados,TBCA 7.2
Rabo de boi cozido com sal,Carnes e derivados,TBCA 7.2
Rabo de crocodilo cru,Carnes e derivados,TBCA 7.2
"Rabo de jacaré à milanesa frit com óleo de soja, pimenta-do-reino, alho e sal",Carnes e derivados,TBCA 7.2
Rabo de porco salgado cru,Carnes e derivados,TBCA 7.2
Redondo de avestruz crua (carne),Carnes e derivados,TBCA 7.2
Rocambole de carne com sal,Carnes e derivados,TBCA 7.2
Rosbife fatiado,Carnes e derivados,TBCA 7.2
Roupa velha de charque com sal,Carnes e derivados,TBCA 7.2
Roupa velha de charque sem sal,Carnes e derivados,TBCA 7.2
Salame de porco,Carnes e derivados,TBCA 7.2
Salame hamburguês de porco,Carnes e derivados,TBCA 7.2
Salame italiano de porco,Carnes e derivados,TBCA 7.2
Salame milano de porco,Carnes e derivados,TBCA 7.2
Salaminho de porco,Carnes e derivados,TBCA 7.2
Salsicha aquecida,Carnes e derivados,TBCA 7.2
Salsicha de frango não aquecida,Carnes e derivados,TBCA 7.2
Salsicha de hot dog não aquecida,Carnes e derivados,TBCA 7.2
Salsicha longuette (não aquecida),Carnes e derivados,TBCA 7.2
Salsicha não aquecida,Carnes e derivados,TBCA 7.2
Salsichão não aquecida,Carnes e derivados,TBCA 7.2
Sangue de porco cru,Carnes e derivados,TBCA 7.2
Sarapatel com sal,Carnes e derivados,TBCA 7.2
Sarapatel de tracajá com sal,Carnes e derivados,TBCA 7.2
Sarapatel sem sal,Carnes e derivados,TBCA 7.2
Sobrecoxa de frango com pele assada,Carnes e derivados,TBCA 7.2
"Sobrecoxa de frango com pele assada com óleo de soja, alho e pimenta do reino",Carnes e derivados,TBCA 7.2
"Sobrecoxa de frango com pele assada com óleo de soja, alho, pimenta do reino e sal",Carnes e derivados,TBCA 7.2
Sobrecoxa de frango com pele assada com sal,Carnes e derivados,TBCA 7.2
Sobrecoxa de frango com pele crua,Carnes e derivados,TBCA 7.2
Sobrecoxa de frango sem pele assada,Carnes e derivados,TBCA 7.2
"Sobrecoxa de frango sem pele assada com óleo de soja, alho e pimenta do reino",Carnes e derivados,TBCA 7.2
"Sobrecoxa de frango sem pele assada com óleo de soja, alho e pimenta do reino com sal",Carnes e derivados,TBCA 7.2
"Sobrecoxa de frango sem pele assada com óleo de soja, alho, pimenta do reino e sal",Carnes e derivados,TBCA 7.2
Sobrecoxa de frango sem pele assada com sal,Carnes e derivados,TBCA 7.2
Steak tartare,Carnes e derivados,TBCA 7.2
Strogonoff de frango,Carnes e derivados,TBCA 7.2
Strogonoff de frango congelado com temperos e sal,Carnes e derivados,TBCA 7.2
Tender de frango com temperos e sal,Carnes e derivados,TBCA 7.2
Tender de porco com temperos e sal,Carnes e derivados,TBCA 7.2
Toucinho cru,Carnes e derivados,TBCA 7.2
Toucinho defumado (bacon) frito,Carnes e derivados,TBCA 7.2
Toucinho defumado (bacon) frito com alho e alecrim,Carnes e derivados,TBCA 7.2
Traseiro de boi com gordura grelhado com manteiga,Carnes e derivados,TBCA 7.2
Vaca atolada com sal,Carnes e derivados,TBCA 7.2
Vaca atolada sem sal,Carnes e derivados,TBCA 7.2
Vitela cozida,Carnes e derivados,TBCA 7.2
Vitela cozida sem óleo e com sal,Carnes e derivados,TBCA 7.2
Vitela crua,Carnes e derivados,TBCA 7.2
Xinxim de frango com sal,Carnes e derivados,TBCA 7.2
" Mamão verde, doce em calda, drenado",Frutas e derivados,TACO
" Mamão, doce em calda, drenado",Frutas e derivados,TACO
"Abacate, cru",Frutas e derivados,TACO
"Abacaxi, cru",Frutas e derivados,TACO
"Abacaxi, polpa, congelada",Frutas e derivados,TACO
"Abiu, cru",Frutas e derivados,TACO
"Açaí, polpa, com xarope de guaraná e glucose",Frutas e derivados,TACO
"Açaí, polpa, congelada",Frutas e derivados,TACO
"Acerola, crua",Frutas e derivados,TACO
"Acerola, polpa, congelada",Frutas e derivados,TACO
"Ameixa, calda, enlatada ",Frutas e derivados,TACO
"Ameixa, crua",Frutas e derivados,TACO
"Ameixa, em calda, enlatada, drenada ",Frutas e derivados,TACO
"Atemóia, crua",Frutas e derivados,TACO
"Banana, da terra, crua",Frutas e derivados,TACO
"Banana, doce em barra",Frutas e derivados,TACO
"Banana, figo, crua",Frutas e derivados,TACO
"Banana, maçã, crua",Frutas e derivados,TACO
"Banana, nanica, crua",Frutas e derivados,TACO
"Banana, ouro, crua",Frutas e derivados,TACO
"Banana, pacova, crua",Frutas e derivados,TACO
"Banana, prata, crua",Frutas e derivados,TACO
"Cacau, cru",Frutas e derivados,TACO
"Cajá-Manga, cru",Frutas e derivados,TACO
"Cajá, polpa, congelada",Frutas e derivados,TACO
"Caju, cru",Frutas e derivados,TACO
"Caju, polpa, congelada",Frutas e derivados,TACO
"Caju, suco concentrado, envasado",Frutas e derivados,TACO
"Caqui, chocolate, cru",Frutas e derivados,TACO
"Carambola, crua",Frutas e derivados,TACO
"Ciriguela, crua",Frutas e derivados,TACO
"Cupuaçu, cru",Frutas e derivados,TACO
"Cupuaçu, polpa, congelada",Frutas e derivados,TACO
"Figo, cru",Frutas e derivados,TACO
"Figo, enlatado, em calda",Frutas e derivados,TACO
"Fruta-pão, crua",Frutas e derivados,TACO
"Goiaba, branca, com casca, crua",Frutas e derivados,TACO
"Goiaba, doce em pasta",Frutas e derivados,TACO
"Goiaba, doce, cascão",Frutas e derivados,TACO
"Goiaba, vermelha, com casca, crua",Frutas e derivados,TACO
"Graviola, crua",Frutas e derivados,TACO
"Graviola, polpa, congelada",Frutas e derivados,TACO
"Jabuticaba, crua",Frutas e derivados,TACO
"Jaca, crua",Frutas e derivados,TACO
"Jambo, cru",Frutas e derivados,TACO
"Jamelão, cru",Frutas e derivados,TACO
"Kiwi, cru",Frutas e derivados,TACO
"Laranja, baía, crua",Frutas e derivados,TACO
"Laranja, baía, suco",Frutas e derivados,TACO
"Laranja, da terra, crua",Frutas e derivados,TACO
"Laranja, da terra, suco",Frutas e derivados,TACO
"Laranja, lima, crua",Frutas e derivados,TACO
"Laranja, lima, suco",Frutas e derivados,TACO
"Laranja, pêra, crua",Frutas e derivados,TACO
"Laranja, pêra, suco",Frutas e derivados,TACO
"Laranja, valência, crua",Frutas e derivados,TACO
"Laranja, valência, suco",Frutas e derivados,TACO
"Limão, cravo, suco",Frutas e derivados,TACO
"Limão, galego, suco",Frutas e derivados,TACO
"Limão, tahiti, cru",Frutas e derivados,TACO
"Maçã, Argentina, com casca, crua",Frutas e derivados,TACO
"Maçã, Fuji, com casca, crua",Frutas e derivados,TACO
"Macaúba, crua",Frutas e derivados,TACO
"Mamão, Formosa, cru",Frutas e derivados,TACO
"Mamão, Papaia, cru",Frutas e derivados,TACO
"Manga, Haden, crua",Frutas e derivados,TACO
"Manga, Palmer, crua",Frutas e derivados,TACO
"Manga, polpa, congelada",Frutas e derivados,TACO
"Manga, Tommy Atkins, crua",Frutas e derivados,TACO
"Maracujá, cru",Frutas e derivados,TACO
"Maracujá, polpa, congelada",Frutas e derivados,TACO
"Maracujá, suco concentrado, envasado",Frutas e derivados,TACO
"Melancia, crua",Frutas e derivados,TACO
"Melão, cru",Frutas e derivados,TACO
"Mexerica, Murcote, crua",Frutas e derivados,TACO
"Mexerica, Rio, crua",Frutas e derivados,TACO
"Morango, cru",Frutas e derivados,TACO
"Nêspera, crua",Frutas e derivados,TACO
"Pequi, cru",Frutas e derivados,TACO
"Pêra, Park, crua",Frutas e derivados,TACO
"Pêra, Williams, crua",Frutas e derivados,TACO
"Pêssego, Aurora, cru",Frutas e derivados,TACO
"Pêssego, enlatado, em calda",Frutas e derivados,TACO
"Pinha, crua",Frutas e derivados,TACO
"Pitanga, crua",Frutas e derivados,TACO
"Pitanga, polpa, congelada",Frutas e derivados,TACO
"Romã, crua",Frutas e derivados,TACO
"Tamarindo, cru",Frutas e derivados,TACO
"Tangerina, Poncã, crua",Frutas e derivados,TACO
"Tangerina, Poncã, suco",Frutas e derivados,TACO
"Tucumã, cru",Frutas e derivados,TACO
"Umbu, cru",Frutas e derivados,TACO
"Umbu, polpa, congelada",Frutas e derivados,TACO
"Uva, Itália, crua",Frutas e derivados,TACO
"Uva, Rubi, crua",Frutas e derivados,TACO
Abacate,Frutas e derivados,TBCA
Abacaxi,Frutas e derivados,TBCA
Abacaxi caramelizado e cozido,Frutas e derivados,TBCA
Abacaxi grelhado com canela,Frutas e derivados,TBCA
Abiu,Frutas e derivados,TBCA
Acerola (Cereja-das-antilhas),Frutas e derivados,TBCA
Água de coco,Frutas e derivados,TBCA
Água de coco,Frutas e derivados,TBCA
Ameixa,Frutas e derivados,TBCA
Ameixa em calda enlatada,Frutas e derivados,TBCA
Ameixa seca,Frutas e derivados,TBCA
Amora preta,Frutas e derivados,TBCA
Atemóia,Frutas e derivados,TBCA
Avocado,Frutas e derivados,TBCA
Banana,Frutas e derivados,TBCA
Banana,Frutas e derivados,TBCA
Banana cozida caramelada,Frutas e derivados,TBCA
Banana da terra,Frutas e derivados,TBCA
Banana da terra à milanesa frita,Frutas e derivados,TBCA
Banana da terra assada,Frutas e derivados,TBCA
Banana da terra frita com manteiga,Frutas e derivados,TBCA
Banana da terra frita com óleo de soja,Frutas e derivados,TBCA
Banana doce em barra,Frutas e derivados,TBCA
Banana Figo,Frutas e derivados,TBCA
Banana maçã,Frutas e derivados,TBCA
Banana nanica,Frutas e derivados,TBCA
Banana nanica à milanesa frita,Frutas e derivados,TBCA
Banana nanica passa,Frutas e derivados,TBCA
Banana nanica passa coberta com chocolate ao leite,Frutas e derivados,TBCA
Banana ouro,Frutas e derivados,TBCA
Banana pacova,Frutas e derivados,TBCA
Banana prata,Frutas e derivados,TBCA
Banana prata,Frutas e derivados,TBCA
Cacau,Frutas e derivados,TBCA
Cajá congelada,Frutas e derivados,TBCA
Cajá-Manga,Frutas e derivados,TBCA
Caju,Frutas e derivados,TBCA
Caqui,Frutas e derivados,TBCA
Carambola,Frutas e derivados,TBCA
Cereja,Frutas e derivados,TBCA
Cereja em calda,Frutas e derivados,TBCA
Ciriguela,Frutas e derivados,TBCA
Coco,Frutas e derivados,TBCA
Cranberry,Frutas e derivados,TBCA
Cupuaçu,Frutas e derivados,TBCA
Damasco seco,Frutas e derivados,TBCA
Doce de goiaba cascão,Frutas e derivados,TBCA
Doce de goiaba em pasta,Frutas e derivados,TBCA
Doce de mamão verde em calda,Frutas e derivados,TBCA
Figo,Frutas e derivados,TBCA
Figo enlatado em calda,Frutas e derivados,TBCA
Framboesa,Frutas e derivados,TBCA
Fruta pão,Frutas e derivados,TBCA
Goiaba,Frutas e derivados,TBCA
Goiaba branca,Frutas e derivados,TBCA
Goiaba vermelha,Frutas e derivados,TBCA
Graviola,Frutas e derivados,TBCA
Jabuticaba,Frutas e derivados,TBCA
Jaca,Frutas e derivados,TBCA
Jambo,Frutas e derivados,TBCA
Jamelão,Frutas e derivados,TBCA
Kiwi,Frutas e derivados,TBCA
Laranja,Frutas e derivados,TBCA
Laranja Baía,Frutas e derivados,TBCA
Laranja Lima,Frutas e derivados,TBCA
Laranja Pera,Frutas e derivados,TBCA
Laranja Seleta,Frutas e derivados,TBCA
Laranjada com açúcar,Frutas e derivados,TBCA
Leite de coco,Frutas e derivados,TBCA
Limão cravo,Frutas e derivados,TBCA
Limonada,Frutas e derivados,TBCA
Limonada com açúcar,Frutas e derivados,TBCA
Maçã,Frutas e derivados,TBCA
Maçã Argentina,Frutas e derivados,TBCA
Maçã Fuji,Frutas e derivados,TBCA
Maçã verde,Frutas e derivados,TBCA
Macaúba,Frutas e derivados,TBCA
Mamão,Frutas e derivados,TBCA
Mamão doce em calda,Frutas e derivados,TBCA
Mamão formosa,Frutas e derivados,TBCA
Mamão papaia,Frutas e derivados,TBCA
Manga,Frutas e derivados,TBCA
Manga haden,Frutas e derivados,TBCA
Manga palmer,Frutas e derivados,TBCA
Manga tommy atkins,Frutas e derivados,TBCA
Maracujá amarelo,Frutas e derivados,TBCA
Melancia,Frutas e derivados,TBCA
Melão,Frutas e derivados,TBCA
Mexerica murcote,Frutas e derivados,TBCA
Mexerica rio,Frutas e derivados,TBCA
Mirtilo,Frutas e derivados,TBCA
Morango,Frutas e derivados,TBCA
Nêspera,Frutas e derivados,TBCA
"Pequi (piqui, piquiá-bravo, pequerim)",Frutas e derivados,TBCA
Pera,Frutas e derivados,TBCA
Pera cozida ao vinho tinto com açúcar,Frutas e derivados,TBCA
Pera cozida caramelada,Frutas e derivados,TBCA
Pera park,Frutas e derivados,TBCA
Pera williams,Frutas e derivados,TBCA
Pêssego,Frutas e derivados,TBCA
Pêssego enlatado em calda,Frutas e derivados,TBCA
Pinha (Fruta do conde),Frutas e derivados,TBCA
Pitanga (Pitanga-vermelha),Frutas e derivados,TBCA
Polpa de abacaxi congelada,Frutas e derivados,TBCA
Polpa de açaí,Frutas e derivados,TBCA
Polpa de açaí com xarope de guaraná,Frutas e derivados,TBCA
Polpa de açaí com xarope de guaraná e granola caseira,Frutas e derivados,TBCA
Polpa de açaí com xarope de guaraná e polpa de cupuaçu,Frutas e derivados,TBCA
Polpa de açaí solteiro,Frutas e derivados,TBCA
Polpa de caju congelada,Frutas e derivados,TBCA
Polpa de cupuaçu congelada,Frutas e derivados,TBCA
Polpa de graviola congelada,Frutas e derivados,TBCA
Polpa de maracujá congelada,Frutas e derivados,TBCA
Polpa de pitanga congelada,Frutas e derivados,TBCA
Polpa de umbu congelada,Frutas e derivados,TBCA
Romã,Frutas e derivados,TBCA
"Salada de frutas - laranja, banana, maçã e mamão",Frutas e derivados,TBCA
"Salada de frutas - mamão, melão, pêssego em caldas",Frutas e derivados,TBCA
Salada de frutas com açúcar,Frutas e derivados,TBCA
Suco concentrado preparado de caju,Frutas e derivados,TBCA
Suco concentrado preparado de caju com açúcar,Frutas e derivados,TBCA
Suco concentrado preparado de maracujá,Frutas e derivados,TBCA
Suco concentrado preparado de maracujá com açúcar,Frutas e derivados,TBCA
Suco concentrado preparado de uva,Frutas e derivados,TBCA
Suco concentrado preparado de uva com açúcar,Frutas e derivados,TBCA
Suco de açaí com xarope de guaraná e glucose,Frutas e derivados,TBCA
Suco de caju concentrado,Frutas e derivados,TBCA
Suco de clorofila,Frutas e derivados,TBCA
Suco de laranja,Frutas e derivados,TBCA
Suco de laranja,Frutas e derivados,TBCA
Suco de laranja Baía,Frutas e derivados,TBCA
Suco de laranja Lima,Frutas e derivados,TBCA
Suco de laranja Pera,Frutas e derivados,TBCA
Suco de laranja Valência,Frutas e derivados,TBCA
Suco de limão galego,Frutas e derivados,TBCA
Suco de limão tahiti,Frutas e derivados,TBCA
Suco de maracujá concentrado,Frutas e derivados,TBCA
Suco de pêssego enlatado em calda,Frutas e derivados,TBCA
Suco de polpa de cupuaçu,Frutas e derivados,TBCA
Suco de polpa de cupuaçu com açúcar,Frutas e derivados,TBCA
Suco de tangerina,Frutas e derivados,TBCA
Suco de tangerina com açúcar,Frutas e derivados,TBCA
Suco de tangerina Poncã,Frutas e derivados,TBCA
Suco de uva concentrado envasado,Frutas e derivados,TBCA
Suco natural de abacaxi,Frutas e derivados,TBCA
Suco natural de abacaxi com açúcar,Frutas e derivados,TBCA
Suco natural de abacaxi e melão,Frutas e derivados,TBCA
Suco natural de abacaxi e melão com açúcar,Frutas e derivados,TBCA
Suco natural de abacaxi e morango,Frutas e derivados,TBCA
Suco natural de abacaxi e morango com açúcar,Frutas e derivados,TBCA
"Suco natural de abacaxi, banana e cenoura",Frutas e derivados,TBCA
"Suco natural de abacaxi, banana e cenoura com açúcar",Frutas e derivados,TBCA
"Suco natural de abacaxi, maracujá e caju",Frutas e derivados,TBCA
"Suco natural de abacaxi, maracujá e caju com açúcar",Frutas e derivados,TBCA
"Suco natural de abacaxi, melão e maracujá",Frutas e derivados,TBCA
"Suco natural de abacaxi, melão e maracujá com açúcar",Frutas e derivados,TBCA
Suco natural de acerola,Frutas e derivados,TBCA
Suco natural de acerola com açúcar,Frutas e derivados,TBCA
Suco natural de cajá (tapereba) com açúcar,Frutas e derivados,TBCA
Suco natural de cranberry com açúcar,Frutas e derivados,TBCA
"Suco natural de frutas vermelhas com açúcar - morango, amora, mirtilo e framboesa",Frutas e derivados,TBCA
Suco natural de goiaba vermelha,Frutas e derivados,TBCA
Suco natural de goiaba vermelha com açúcar,Frutas e derivados,TBCA
Suco natural de jabuticaba,Frutas e derivados,TBCA
Suco natural de jabuticaba com açúcar,Frutas e derivados,TBCA
Suco natural de laranja e acerola,Frutas e derivados,TBCA
Suco natural de laranja e acerola com açúcar,Frutas e derivados,TBCA
Suco natural de laranja e banana,Frutas e derivados,TBCA
Suco natural de laranja e banana com açúcar,Frutas e derivados,TBCA
Suco natural de laranja e beterraba,Frutas e derivados,TBCA
Suco natural de laranja e beterraba com açúcar,Frutas e derivados,TBCA
Suco natural de laranja e cenoura,Frutas e derivados,TBCA
Suco natural de laranja e cenoura com açúcar,Frutas e derivados,TBCA
Suco natural de laranja e maçã com açúcar,Frutas e derivados,TBCA
Suco natural de laranja e mamão,Frutas e derivados,TBCA
Suco natural de laranja e mamão com açúcar,Frutas e derivados,TBCA
Suco natural de laranja e morango,Frutas e derivados,TBCA
Suco natural de laranja e morango com açúcar,Frutas e derivados,TBCA
"Suco natural de laranja, abacaxi e beterraba",Frutas e derivados,TBCA
"Suco natural de laranja, abacaxi e beterraba com açúcar",Frutas e derivados,TBCA
"Suco natural de laranja, cenoura e beterraba",Frutas e derivados,TBCA
"Suco natural de laranja, cenoura e beterraba com açúcar",Frutas e derivados,TBCA
"Suco natural de laranja, mamão, pera e maçã",Frutas e derivados,TBCA
"Suco natural de laranja, mamão, pera e maçã com açúcar",Frutas e derivados,TBCA
Suco natural de mamão,Frutas e derivados,TBCA
Suco natural de mamão com açúcar,Frutas e derivados,TBCA
Suco natural de manga,Frutas e derivados,TBCA
Suco natural de manga,Frutas e derivados,TBCA
Suco natural de manga com açúcar,Frutas e derivados,TBCA
Suco natural de manga com açúcar,Frutas e derivados,TBCA
Suco natural de maracujá,Frutas e derivados,TBCA
Suco natural de maracujá com açúcar,Frutas e derivados,TBCA
Suco natural de melancia,Frutas e derivados,TBCA
Suco natural de melancia,Frutas e derivados,TBCA
Suco natural de melancia com açúcar,Frutas e derivados,TBCA
Suco natural de melancia e acerola,Frutas e derivados,TBCA
Suco natural de melancia e acerola com açúcar,Frutas e derivados,TBCA
Suco natural de melão,Frutas e derivados,TBCA
Suco natural de melão,Frutas e derivados,TBCA
Suco natural de melão com açúcar,Frutas e derivados,TBCA
Suco natural de morango,Frutas e derivados,TBCA
Suco natural de morango com açúcar,Frutas e derivados,TBCA
Suco natural de tamarindo,Frutas e derivados,TBCA
Suco natural de tamarindo com açúcar,Frutas e derivados,TBCA
Tâmara seca,Frutas e derivados,TBCA
Tamarindo,Frutas e derivados,TBCA
Tangerina Ponkã,Frutas e derivados,TBCA
Tucumã (coco-tucumã),Frutas e derivados,TBCA
Umbu,Frutas e derivados,TBCA
Uva,Frutas e derivados,TBCA
Uva Itália,Frutas e derivados,TBCA
Uva passa branca,Frutas e derivados,TBCA
Uva passa coberta com chocolate ao leite,Frutas e derivados,TBCA
Uva passa preta,Frutas e derivados,TBCA
Uva passa sem caroço,Frutas e derivados,TBCA
Uva Rubi,Frutas e derivados,TBCA
Abacate,Frutas e derivados,TBCA 7.2
Abacaxi,Frutas e derivados,TBCA 7.2
Abacaxi cozido caramelado,Frutas e derivados,TBCA 7.2
Abacaxi grelhado com canela,Frutas e derivados,TBCA 7.2
Abacaxi grelhado com cobertura de chocolate,Frutas e derivados,TBCA 7.2
Abiu,Frutas e derivados,TBCA 7.2
Açaí polpa com xarope de guaraná e cupuaçu,Frutas e derivados,TBCA 7.2
Açaí polpa com xarope de guaraná e glucose,Frutas e derivados,TBCA 7.2
"Açaí polpa com xarope de guaraná, glucose e granola caseira",Frutas e derivados,TBCA 7.2
Acerola madura,Frutas e derivados,TBCA 7.2
Água de coco,Frutas e derivados,TBCA 7.2
Ameixa com casca,Frutas e derivados,TBCA 7.2
Ameixa em calda enlatada,Frutas e derivados,TBCA 7.2
Ameixa seca,Frutas e derivados,TBCA 7.2
Amora preta,Frutas e derivados,TBCA 7.2
Araçá com casca sem semente,Frutas e derivados,TBCA 7.2
Atemóia,Frutas e derivados,TBCA 7.2
Avocado in natura,Frutas e derivados,TBCA 7.2
Bacuri,Frutas e derivados,TBCA 7.2
Bacuri do Pará,Frutas e derivados,TBCA 7.2
Banana,Frutas e derivados,TBCA 7.2
Banana cozida,Frutas e derivados,TBCA 7.2
Banana cozida caramelada,Frutas e derivados,TBCA 7.2
Banana cozida com açúcar,Frutas e derivados,TBCA 7.2
Banana cozida com manteiga e açúcar,Frutas e derivados,TBCA 7.2
Banana da terra,Frutas e derivados,TBCA 7.2
Banana da terra à milanesa frita com óleo,Frutas e derivados,TBCA 7.2
Banana da terra assada,Frutas e derivados,TBCA 7.2
Banana da terra frita com manteiga,Frutas e derivados,TBCA 7.2
Banana da terra frita com óleo de soja,Frutas e derivados,TBCA 7.2
Banana doce em barra,Frutas e derivados,TBCA 7.2
Banana Figo in natura,Frutas e derivados,TBCA 7.2
Banana grelhada,Frutas e derivados,TBCA 7.2
Banana grelhada com açúcar e canela,Frutas e derivados,TBCA 7.2
"Banana grelhada com manteiga, açúcar e canela",Frutas e derivados,TBCA 7.2
Banana in natura,Frutas e derivados,TBCA 7.2
Banana maçã,Frutas e derivados,TBCA 7.2
Banana madura,Frutas e derivados,TBCA 7.2
Banana madura cozida,Frutas e derivados,TBCA 7.2
Banana madura cozida,Frutas e derivados,TBCA 7.2
Banana madura desidratada (em rodelas),Frutas e derivados,TBCA 7.2
Banana madura seca,Frutas e derivados,TBCA 7.2
Banana nanica,Frutas e derivados,TBCA 7.2
Banana nanica à milanesa frita sem açúcar,Frutas e derivados,TBCA 7.2
Banana ouro,Frutas e derivados,TBCA 7.2
Banana pacova,Frutas e derivados,TBCA 7.2
Banana prata,Frutas e derivados,TBCA 7.2
Banana prata,Frutas e derivados,TBCA 7.2
Buriti sem casca,Frutas e derivados,TBCA 7.2
Cajá-Manga,Frutas e derivados,TBCA 7.2
Caju,Frutas e derivados,TBCA 7.2
Camu-camu in natura,Frutas e derivados,TBCA 7.2
Caqui com casca,Frutas e derivados,TBCA 7.2
Carambola com casca,Frutas e derivados,TBCA 7.2
Casca de laranja,Frutas e derivados,TBCA 7.2
Casca de limão,Frutas e derivados,TBCA 7.2
Cereja,Frutas e derivados,TBCA 7.2
Cereja em calda,Frutas e derivados,TBCA 7.2
Chimia (geleia) de uva caseira,Frutas e derivados,TBCA 7.2
Ciriguela,Frutas e derivados,TBCA 7.2
Coco maduro,Frutas e derivados,TBCA 7.2
Cranberry,Frutas e derivados,TBCA 7.2
Cubiu (Maná-cubiu),Frutas e derivados,TBCA 7.2
Cupuaçu,Frutas e derivados,TBCA 7.2
Damasco (Abricó),Frutas e derivados,TBCA 7.2
Damasco seco,Frutas e derivados,TBCA 7.2
Doce de goiaba cascão,Frutas e derivados,TBCA 7.2
Doce de goiaba em pasca,Frutas e derivados,TBCA 7.2
Doce de mamão em calda,Frutas e derivados,TBCA 7.2
Doce de mamão verde em calda,Frutas e derivados,TBCA 7.2
Figo enlatado em calda,Frutas e derivados,TBCA 7.2
Figo in natura,Frutas e derivados,TBCA 7.2
Figo seco,Frutas e derivados,TBCA 7.2
Framboesa,Frutas e derivados,TBCA 7.2
Fruta pão,Frutas e derivados,TBCA 7.2
Fruta pão cozida,Frutas e derivados,TBCA 7.2
Fruta pão cozida com manteiga e açúcar,Frutas e derivados,TBCA 7.2
Frutas nativas (Brasil),Frutas e derivados,TBCA 7.2
Goiaba branca com casca,Frutas e derivados,TBCA 7.2
Goiaba vermelha com casca,Frutas e derivados,TBCA 7.2
Graviola,Frutas e derivados,TBCA 7.2
Jabuticaba,Frutas e derivados,TBCA 7.2
Jaca,Frutas e derivados,TBCA 7.2
Jaca cozida sem sal,Frutas e derivados,TBCA 7.2
Jaca cozida temperada com sal,Frutas e derivados,TBCA 7.2
Jambo in natura,Frutas e derivados,TBCA 7.2
Jamelão in natura,Frutas e derivados,TBCA 7.2
Jenipapo,Frutas e derivados,TBCA 7.2
Kiwi,Frutas e derivados,TBCA 7.2
Laranja,Frutas e derivados,TBCA 7.2
Laranja Baía,Frutas e derivados,TBCA 7.2
Laranja Lima,Frutas e derivados,TBCA 7.2
Laranja Pera,Frutas e derivados,TBCA 7.2
Laranja Seleta,Frutas e derivados,TBCA 7.2
Laranjada com açúcar,Frutas e derivados,TBCA 7.2
Liete de coco industrializado,Frutas e derivados,TBCA 7.2
Limão cravo,Frutas e derivados,TBCA 7.2
Limonada com açúcar,Frutas e derivados,TBCA 7.2
Limonada sem açúcar,Frutas e derivados,TBCA 7.2
Maçã Argentina com casca,Frutas e derivados,TBCA 7.2
Maçã com casca,Frutas e derivados,TBCA 7.2
Maçã Fuji assada com açúcar e canela,Frutas e derivados,TBCA 7.2
"Maçã Fuji, com casca",Frutas e derivados,TBCA 7.2
Maçã verde sem casca,Frutas e derivados,TBCA 7.2
Macaúba in natura,Frutas e derivados,TBCA 7.2
Mamão,Frutas e derivados,TBCA 7.2
Mamão formosa,Frutas e derivados,TBCA 7.2
Mamão papaia,Frutas e derivados,TBCA 7.2
Manga,Frutas e derivados,TBCA 7.2
Manga Haden,Frutas e derivados,TBCA 7.2
Manga Palmer,Frutas e derivados,TBCA 7.2
Manga Tommy Atkins,Frutas e derivados,TBCA 7.2
Mangaba com casca,Frutas e derivados,TBCA 7.2
Mangaba sem casca,Frutas e derivados,TBCA 7.2
Maracujá amarelo,Frutas e derivados,TBCA 7.2
Melancia,Frutas e derivados,TBCA 7.2
Melão,Frutas e derivados,TBCA 7.2
Mexerica Murcote,Frutas e derivados,TBCA 7.2
Mexerica Rio,Frutas e derivados,TBCA 7.2
Mirtilo,Frutas e derivados,TBCA 7.2
Mirtilo desidratado,Frutas e derivados,TBCA 7.2
Morango,Frutas e derivados,TBCA 7.2
Murici sem casca,Frutas e derivados,TBCA 7.2
Nêspera sem casca,Frutas e derivados,TBCA 7.2
Pajurá,Frutas e derivados,TBCA 7.2
Pera com casca,Frutas e derivados,TBCA 7.2
Pera cozida ao vinho tinto com açúcar,Frutas e derivados,TBCA 7.2
Pera cozida caramelada,Frutas e derivados,TBCA 7.2
Pera cozida com cobertura de chocolate,Frutas e derivados,TBCA 7.2
"Pera cozida com manteiga, açúcar e canela",Frutas e derivados,TBCA 7.2
Pera cozida sem manteiga e sem açúcar,Frutas e derivados,TBCA 7.2
Pera Park com casca,Frutas e derivados,TBCA 7.2
Pera Williams com casca,Frutas e derivados,TBCA 7.2
Pêssego,Frutas e derivados,TBCA 7.2
Pêssego enlatado em calda,Frutas e derivados,TBCA 7.2
Pinha in natura,Frutas e derivados,TBCA 7.2
Pitaia,Frutas e derivados,TBCA 7.2
Pitanga in natura,Frutas e derivados,TBCA 7.2
Polpa de abacaxi congelada,Frutas e derivados,TBCA 7.2
Polpa de abacaxi desidratada,Frutas e derivados,TBCA 7.2
Polpa de açaí,Frutas e derivados,TBCA 7.2
Polpa de açaí solteiro,Frutas e derivados,TBCA 7.2
Polpa de cacau in natura,Frutas e derivados,TBCA 7.2
Polpa de cajá congelada,Frutas e derivados,TBCA 7.2
Polpa de caju congelada,Frutas e derivados,TBCA 7.2
Polpa de cupuaçu congelada,Frutas e derivados,TBCA 7.2
Polpa de graviola congelada,Frutas e derivados,TBCA 7.2
Polpa de pequi maduro,Frutas e derivados,TBCA 7.2
Polpa de pitanga congelada,Frutas e derivados,TBCA 7.2
Polpa de pitomba crua,Frutas e derivados,TBCA 7.2
Polpa de umbu congelada,Frutas e derivados,TBCA 7.2
Polpad de maracujá congelada,Frutas e derivados,TBCA 7.2
Queijo vegetal com leite de coco e sal,Frutas e derivados,TBCA 7.2
Romã in natura,Frutas e derivados,TBCA 7.2
"Salada de frutas - laranja, banana, maçã e mamão sem açúcar(2024)",Frutas e derivados,TBCA 7.2
"Salada de frutas - melão, mamão e pêssego em calda",Frutas e derivados,TBCA 7.2
"Salada de frutas laranja, banana, maçã e mamão com açúcar",Frutas e derivados,TBCA 7.2
Sorvinha (sorva) in natura,Frutas e derivados,TBCA 7.2
Suco concentrado de caju com açúcar,Frutas e derivados,TBCA 7.2
Suco concentrado de caju sem açúcar,Frutas e derivados,TBCA 7.2
Suco concentrado de maracujá com açúcar,Frutas e derivados,TBCA 7.2
Suco concentrado de maracujá sem açúcar,Frutas e derivados,TBCA 7.2
Suco concentrado de uva  sem açúcar,Frutas e derivados,TBCA 7.2
Suco concentrado de uva com açúcar,Frutas e derivados,TBCA 7.2
Suco de açaí com xarope de guaraná e glucose,Frutas e derivados,TBCA 7.2
Suco de caju concentrado,Frutas e derivados,TBCA 7.2
Suco de clorofila,Frutas e derivados,TBCA 7.2
Suco de laranja Baía sem açúcar,Frutas e derivados,TBCA 7.2
Suco de laranja Lima sem açúcar,Frutas e derivados,TBCA 7.2
Suco de laranja pera sem açúcar (não diluído em água),Frutas e derivados,TBCA 7.2
Suco de laranja sem açúcar,Frutas e derivados,TBCA 7.2
Suco de laranja Valência sem açúcar,Frutas e derivados,TBCA 7.2
Suco de limão galego sem açúcar,Frutas e derivados,TBCA 7.2
Suco de limão Tahiti sem açúcar (não diluído em água),Frutas e derivados,TBCA 7.2
Suco de manga concentrado,Frutas e derivados,TBCA 7.2
Suco de maracujá concentrado,Frutas e derivados,TBCA 7.2
Suco de mexerica Poncã sem açúcar,Frutas e derivados,TBCA 7.2
Suco de pêssego enlatado em calda,Frutas e derivados,TBCA 7.2
Suco de polpa de cupuaçu com açúcar,Frutas e derivados,TBCA 7.2
Suco de polpa de cupuaçu sem açúcar,Frutas e derivados,TBCA 7.2
Suco de tangerina com açúcar,Frutas e derivados,TBCA 7.2
Suco de tangerina sem açúcar,Frutas e derivados,TBCA 7.2
Suco de uva concentrado envasado,Frutas e derivados,TBCA 7.2
Suco integral de uva,Frutas e derivados,TBCA 7.2
Suco natura de manga sem açúcar,Frutas e derivados,TBCA 7.2
Suco natural buriti sem açúcar,Frutas e derivados,TBCA 7.2
Suco natural de abacaxi com açúcar,Frutas e derivados,TBCA 7.2
Suco natural de abacaxi e melão sem açúcar,Frutas e derivados,TBCA 7.2
Suco natural de abacaxi e morango com açúcar,Frutas e derivados,TBCA 7.2
Suco natural de abacaxi e morango sem açúcar,Frutas e derivados,TBCA 7.2
Suco natural de abacaxi sem açúcar,Frutas e derivados,TBCA 7.2
"Suco natural de abacaxi, banana e cenoura com açúcar",Frutas e derivados,TBCA 7.2
"Suco natural de abacaxi, banana e cenoura sem açúcar",Frutas e derivados,TBCA 7.2
"Suco natural de abacaxi, maracujá e caju com açúcar",Frutas e derivados,TBCA 7.2
"Suco natural de abacaxi, maracujá e caju sem açúcar",Frutas e derivados,TBCA 7.2
"Suco natural de abacaxi, melão e maracujá com açúcar",Frutas e derivados,TBCA 7.2
"Suco natural de abacaxi, melão e maracujá sem açúcar",Frutas e derivados,TBCA 7.2
Suco natural de acerola com açúcar,Frutas e derivados,TBCA 7.2
Suco natural de acerola sem açúcar,Frutas e derivados,TBCA 7.2
Suco natural de araçá com açúcar,Frutas e derivados,TBCA 7.2
Suco natural de araçá sem açúcar,Frutas e derivados,TBCA 7.2
Suco natural de bacuri com açúcar,Frutas e derivados,TBCA 7.2
Suco natural de bacuri sem açúcar,Frutas e derivados,TBCA 7.2
Suco natural de buriti com açúcar,Frutas e derivados,TBCA 7.2
Suco natural de cacau com açúcar,Frutas e derivados,TBCA 7.2
Suco natural de cacau sem açúcar,Frutas e derivados,TBCA 7.2
Suco natural de cajá (tapereba) com açúcar,Frutas e derivados,TBCA 7.2
Suco natural de cajá (tapereba) sem açúcar,Frutas e derivados,TBCA 7.2
Suco natural de carambola com açúcar,Frutas e derivados,TBCA 7.2
Suco natural de carambola sem açúcar,Frutas e derivados,TBCA 7.2
Suco natural de cranberry com açúcar,Frutas e derivados,TBCA 7.2
"Suco natural de frutas vermelhas (morango, amora, mirtilo e framboesa) com açúcar",Frutas e derivados,TBCA 7.2
Suco natural de goiaba vermelha sem açúcar,Frutas e derivados,TBCA 7.2
"Suco natural de goiaba, vermelha com açúcar",Frutas e derivados,TBCA 7.2
Suco natural de graviola com açúcar,Frutas e derivados,TBCA 7.2
Suco natural de graviola sem açúcar,Frutas e derivados,TBCA 7.2
Suco natural de jabuticaba com açúcar,Frutas e derivados,TBCA 7.2
Suco natural de jabuticaba sem açúcar,Frutas e derivados,TBCA 7.2
Suco natural de laranja e acerola com açúcar,Frutas e derivados,TBCA 7.2
Suco natural de laranja e acerola sem açúcar,Frutas e derivados,TBCA 7.2
Suco natural de laranja e banana com açúcar,Frutas e derivados,TBCA 7.2
Suco natural de laranja e banana sem açúcar,Frutas e derivados,TBCA 7.2
Suco natural de laranja e beterraba sem açúcar,Frutas e derivados,TBCA 7.2
Suco natural de laranja e cenoura com açúcar,Frutas e derivados,TBCA 7.2
Suco natural de laranja e cenoura sem açúcar,Frutas e derivados,TBCA 7.2
Suco natural de laranja e maçã com açúcar,Frutas e derivados,TBCA 7.2
Suco natural de laranja e mamão com açúcar,Frutas e derivados,TBCA 7.2
Suco natural de laranja e mamão sem açúcar,Frutas e derivados,TBCA 7.2
Suco natural de laranja e morango com açúcar,Frutas e derivados,TBCA 7.2
Suco natural de laranja e morango sem açúcar,Frutas e derivados,TBCA 7.2
"Suco natural de laranja, abacaxi e beterraba com açúcar",Frutas e derivados,TBCA 7.2
"Suco natural de laranja, abacaxi e beterraba sem açúcar",Frutas e derivados,TBCA 7.2
"Suco natural de laranja, cenoura e beterraba sem açúcar",Frutas e derivados,TBCA 7.2
"Suco natural de laranja, mamão, pera e maçã sem açúcar",Frutas e derivados,TBCA 7.2
Suco natural de maçã com açúcar,Frutas e derivados,TBCA 7.2
Suco natural de maçã sem açúcar,Frutas e derivados,TBCA 7.2
Suco natural de mamão com açúcar,Frutas e derivados,TBCA 7.2
Suco natural de mamão sem açúcar,Frutas e derivados,TBCA 7.2
Suco natural de manga com açúcar,Frutas e derivados,TBCA 7.2
Suco natural de manga sem açúcar,Frutas e derivados,TBCA 7.2
Suco natural de maracujá com açúcar,Frutas e derivados,TBCA 7.2
Suco natural de maracujá sem açúcar,Frutas e derivados,TBCA 7.2
Suco natural de maracujá sem açúcar,Frutas e derivados,TBCA 7.2
Suco natural de melancia com açúcar,Frutas e derivados,TBCA 7.2
Suco natural de melancia e acerola com açúcar,Frutas e derivados,TBCA 7.2
Suco natural de melancia e acerola sem açúcar,Frutas e derivados,TBCA 7.2
Suco natural de melancia sem açúcar,Frutas e derivados,TBCA 7.2
Suco natural de melão com açúcar,Frutas e derivados,TBCA 7.2
Suco natural de melão sem açúcar,Frutas e derivados,TBCA 7.2
Suco natural de morango com açúcar,Frutas e derivados,TBCA 7.2
Suco natural de morango sem açúcar,Frutas e derivados,TBCA 7.2
Suco natural de murici com açúcar,Frutas e derivados,TBCA 7.2
Suco natural de murici sem açúcar,Frutas e derivados,TBCA 7.2
Suco natural de tamarindo com açúcar,Frutas e derivados,TBCA 7.2
Suco natural de tamarindo sem açúcar,Frutas e derivados,TBCA 7.2
"Suco natural laranja, cenoura e beterraba com açúcar",Frutas e derivados,TBCA 7.2
"Suco natural laranja, mamão, pera e maçã com açúcar",Frutas e derivados,TBCA 7.2
Suco natural néctar de goiaba,Frutas e derivados,TBCA 7.2
"Suco natural, abacaxi e melão com açúcar",Frutas e derivados,TBCA 7.2
"Suco natural, laranja e beterraba com açúcar",Frutas e derivados,TBCA 7.2
Suco tipo néctar,Frutas e derivados,TBCA 7.2
Suco tipo néctar de  manga com suco de maçã e açúcar,Frutas e derivados,TBCA 7.2
Suco tipo néctar de caju com açúcar,Frutas e derivados,TBCA 7.2
Suco tipo néctar de goiaba com açúcar,Frutas e derivados,TBCA 7.2
Suco tipo néctar de laranja com suco de maçã e açúcar,Frutas e derivados,TBCA 7.2
Suco tipo néctar de manga,Frutas e derivados,TBCA 7.2
Suco tipo néctar de maracujá com açúcar,Frutas e derivados,TBCA 7.2
Suco tipo néctar de morango com suco de maçã e açúcar,Frutas e derivados,TBCA 7.2
Suco tipo néctar de pêssego,Frutas e derivados,TBCA 7.2
Suco tipo néctar de uva com suco de maçã e açúcar,Frutas e derivados,TBCA 7.2
Tâmara seca,Frutas e derivados,TBCA 7.2
Tamarindo in natura,Frutas e derivados,TBCA 7.2
Tangerina Ponkã,Frutas e derivados,TBCA 7.2
Tapereba (cajá-da-mata) in natura,Frutas e derivados,TBCA 7.2
Tucumã in natura,Frutas e derivados,TBCA 7.2
Umbu in natura,Frutas e derivados,TBCA 7.2
Uva in natura,Frutas e derivados,TBCA 7.2
Uva in natura,Frutas e derivados,TBCA 7.2
Uva Itália in natura,Frutas e derivados,TBCA 7.2
Uva Itália in natura,Frutas e derivados,TBCA 7.2
Uva passa branca,Frutas e derivados,TBCA 7.2
Uva passa coberta com chocolate ao leite,Frutas e derivados,TBCA 7.2
Uva passa preta,Frutas e derivados,TBCA 7.2
Uva passa sem caroço,Frutas e derivados,TBCA 7.2
Uva Rubi in natura,Frutas e derivados,TBCA 7.2
Uva Rubi in natura,Frutas e derivados,TBCA 7.2
Vitamina de polpa de açaí com manga e banana sem açúcar,Frutas e derivados,TBCA 7.2
Banana pacovã,Frutas e derivados,Tucunduva
Banana prata,Frutas e derivados,Tucunduva
Azeite de dendê,Gorduras e azeites,TBCA
Azeite de oliva,Gorduras e azeites,TBCA
Azeite de oliva assado,Gorduras e azeites,TBCA
Azeite de oliva cozido,Gorduras e azeites,TBCA
Azeite de oliva frito,Gorduras e azeites,TBCA
Gordura vegetal hidrogenada,Gorduras e azeites,TBCA
Maionese tradicional,Gorduras e azeites,TBCA
Manteiga,Gorduras e azeites,TBCA
Manteiga com sal,Gorduras e azeites,TBCA
Manteiga de cacau,Gorduras e azeites,TBCA
Manteiga e margarina,Gorduras e azeites,TBCA
Manteiga e margarina com sal,Gorduras e azeites,TBCA
Manteiga levemente salgada light,Gorduras e azeites,TBCA
Manteiga sem sal,Gorduras e azeites,TBCA
Margarina,Gorduras e azeites,TBCA
Margarina com leite,Gorduras e azeites,TBCA
Margarina com leite e sal,Gorduras e azeites,TBCA
Margarina com óleo hidrogenado,Gorduras e azeites,TBCA
Margarina com óleo hidrogenado com sal,Gorduras e azeites,TBCA
Margarina com óleo interesterificado,Gorduras e azeites,TBCA
Margarina com óleo interesterificado com sal,Gorduras e azeites,TBCA
Margarina com sal,Gorduras e azeites,TBCA
Mix de castanha e sementes com sal,Gorduras e azeites,TBCA
Óleo composto de soja e oliva,Gorduras e azeites,TBCA
Óleo de abacate,Gorduras e azeites,TBCA
Óleo de algodão,Gorduras e azeites,TBCA
Óleo de amendoim,Gorduras e azeites,TBCA
Óleo de arroz,Gorduras e azeites,TBCA
Óleo de babaçu,Gorduras e azeites,TBCA
Óleo de canola,Gorduras e azeites,TBCA
Óleo de canola assado,Gorduras e azeites,TBCA
Óleo de canola cozido,Gorduras e azeites,TBCA
Óleo de canola frito,Gorduras e azeites,TBCA
Óleo de coco,Gorduras e azeites,TBCA
Óleo de fígado de cação,Gorduras e azeites,TBCA
Óleo de gergelim,Gorduras e azeites,TBCA
Óleo de girassol,Gorduras e azeites,TBCA
Óleo de girassol assado,Gorduras e azeites,TBCA
Óleo de girassol cozido,Gorduras e azeites,TBCA
Óleo de girassol frito,Gorduras e azeites,TBCA
Óleo de milho,Gorduras e azeites,TBCA
Óleo de milho assado,Gorduras e azeites,TBCA
Óleo de milho cozido,Gorduras e azeites,TBCA
Óleo de milho frito,Gorduras e azeites,TBCA
Óleo de sardinha enlatada,Gorduras e azeites,TBCA
Óleo de soja,Gorduras e azeites,TBCA
Óleo de soja assado,Gorduras e azeites,TBCA
Óleo de soja cozido,Gorduras e azeites,TBCA
Óleo de soja frito,Gorduras e azeites,TBCA
Patê,Gorduras e azeites,TBCA
Patê de peito de peru defumado,Gorduras e azeites,TBCA
Patê de presunto,Gorduras e azeites,TBCA
Banha suína,Gorduras e Azeites,TBCA
Gordura bovina,Gorduras e Azeites,TBCA
"Maionese, tradicional com ovos",Gorduras e óleos,TACO
"Manteiga, com sal",Gorduras e óleos,TACO
"Manteiga, sem sal",Gorduras e óleos,TACO
Azeite de dendê,Gorduras e óleos,TBCA 7.2
Azeite de oliva assado,Gorduras e óleos,TBCA 7.2
Azeite de oliva cozido,Gorduras e óleos,TBCA 7.2
Azeite de oliva frito,Gorduras e óleos,TBCA 7.2
Azeite oliva,Gorduras e óleos,TBCA 7.2
Banha suína,Gorduras e óleos,TBCA 7.2
Gordura bovina,Gorduras e óleos,TBCA 7.2
Gordura vegetal hidrogenada,Gorduras e óleos,TBCA 7.2
Maionese tradicional,Gorduras e óleos,TBCA 7.2
Maionese vegana com sal,Gorduras e óleos,TBCA 7.2
Manteiga com e sem sal,Gorduras e óleos,TBCA 7.2
Manteiga com sal,Gorduras e óleos,TBCA 7.2
Manteiga de cacau,Gorduras e óleos,TBCA 7.2
Manteiga e margarina com sal,Gorduras e óleos,TBCA 7.2
Manteiga e margarina sem sal,Gorduras e óleos,TBCA 7.2
Manteiga levemente salgada light,Gorduras e óleos,TBCA 7.2
Manteiga sem sal,Gorduras e óleos,TBCA 7.2
Margarina com leite e sal,Gorduras e óleos,TBCA 7.2
Margarina com leite sem sal,Gorduras e óleos,TBCA 7.2
Margarina com óleo hidrogenado com sal,Gorduras e óleos,TBCA 7.2
Margarina com óleo hidrogenado sem sal,Gorduras e óleos,TBCA 7.2
Margarina com óleo interesterificado com sal,Gorduras e óleos,TBCA 7.2
Margarina com óleo interesterificado sem sal,Gorduras e óleos,TBCA 7.2
Margarina com ou sem sal,Gorduras e óleos,TBCA 7.2
Margarina com sal,Gorduras e óleos,TBCA 7.2
"Óleo composto (85% soja, 15% oliva)",Gorduras e óleos,TBCA 7.2
Óleo de abacate,Gorduras e óleos,TBCA 7.2
Óleo de algodão,Gorduras e óleos,TBCA 7.2
Óleo de amendoim,Gorduras e óleos,TBCA 7.2
Óleo de arroz,Gorduras e óleos,TBCA 7.2
Óleo de babaçu,Gorduras e óleos,TBCA 7.2
Óleo de canola,Gorduras e óleos,TBCA 7.2
Óleo de canola assado,Gorduras e óleos,TBCA 7.2
Óleo de canola cozido,Gorduras e óleos,TBCA 7.2
Óleo de canola frito,Gorduras e óleos,TBCA 7.2
Óleo de cobertura de sardinha enlatada,Gorduras e óleos,TBCA 7.2
Óleo de coco,Gorduras e óleos,TBCA 7.2
Óleo de gergelim,Gorduras e óleos,TBCA 7.2
Óleo de girassol,Gorduras e óleos,TBCA 7.2
Óleo de girassol assado,Gorduras e óleos,TBCA 7.2
Óleo de girassol cozido,Gorduras e óleos,TBCA 7.2
Óleo de girassol frito,Gorduras e óleos,TBCA 7.2
Óleo de linhaça,Gorduras e óleos,TBCA 7.2
Óleo de milho,Gorduras e óleos,TBCA 7.2
Óleo de milho assado,Gorduras e óleos,TBCA 7.2
Óleo de milho cozido,Gorduras e óleos,TBCA 7.2
Óleo de milho frito,Gorduras e óleos,TBCA 7.2
Óleo de soja,Gorduras e óleos,TBCA 7.2
Óleo de soja frito,Gorduras e óleos,TBCA 7.2
Óleo fígado de cação,Gorduras e óleos,TBCA 7.2
Óleo misto com óleo de soja e azeite de oliva,Gorduras e óleos,TBCA 7.2
Óleo soja cozido,Gorduras e óleos,TBCA 7.2
Óleo soja cozido,Gorduras e óleos,TBCA 7.2
Patê,Gorduras e óleos,TBCA 7.2
Patê de peito de peru defumado (Sadia),Gorduras e óleos,TBCA 7.2
Patê de presunto,Gorduras e óleos,TBCA 7.2
"Amendoim, grão, cru",Leguminosas e derivados,TACO
"Amendoim, torrado, salgado",Leguminosas e derivados,TACO
"Ervilha, em vagem",Leguminosas e derivados,TACO
"Ervilha, enlatada, drenada",Leguminosas e derivados,TACO
"Feijão, carioca, cozido",Leguminosas e derivados,TACO
"Feijão, carioca, cru",Leguminosas e derivados,TACO
"Feijão, fradinho, cozido",Leguminosas e derivados,TACO
"Feijão, fradinho, cru",Leguminosas e derivados,TACO
"Feijão, jalo, cozido",Leguminosas e derivados,TACO
"Feijão, jalo, cru",Leguminosas e derivados,TACO
"Feijão, preto, cozido",Leguminosas e derivados,TACO
"Feijão, preto, cru",Leguminosas e derivados,TACO
"Feijão, rajado, cozido",Leguminosas e derivados,TACO
"Feijão, rajado, cru",Leguminosas e derivados,TACO
"Feijão, rosinha, cozido",Leguminosas e derivados,TACO
"Feijão, rosinha, cru",Leguminosas e derivados,TACO
"Feijão, roxo, cozido",Leguminosas e derivados,TACO
"Feijão, roxo, cru",Leguminosas e derivados,TACO
"Grão-de-bico, cru",Leguminosas e derivados,TACO
"Guandu, cru",Leguminosas e derivados,TACO
"Lentilha, cozida",Leguminosas e derivados,TACO
"Lentilha, crua",Leguminosas e derivados,TACO
"Paçoca, amendoim",Leguminosas e derivados,TACO
"Pé-de-moleque, amendoim",Leguminosas e derivados,TACO
"Soja, extrato solúvel, natural, fluido",Leguminosas e derivados,TACO
"Soja, extrato solúvel, pó",Leguminosas e derivados,TACO
"Soja, farinha",Leguminosas e derivados,TACO
"Soja, queijo (tofu)",Leguminosas e derivados,TACO
"Tremoço, cru",Leguminosas e derivados,TACO
"Tremoço, em conserva",Leguminosas e derivados,TACO
Acarajé com sal,Leguminosas e derivados,TBCA
Acarajé sem sal,Leguminosas e derivados,TBCA
Almôndega de soja ao molho sugo com sal,Leguminosas e derivados,TBCA
Almôndega de soja cozida com sal,Leguminosas e derivados,TBCA
Almôndega de soja cozida sem sal,Leguminosas e derivados,TBCA
Amendoim,Leguminosas e derivados,TBCA
Amendoim caramelizado,Leguminosas e derivados,TBCA
Amendoim torrado com sal,Leguminosas e derivados,TBCA
Arrumadinho de charque,Leguminosas e derivados,TBCA
Bebida de extrato de soja,Leguminosas e derivados,TBCA
Bebida de extrato de soja - tipo iogurte,Leguminosas e derivados,TBCA
Bebida de extrato de soja natural,Leguminosas e derivados,TBCA
Caldo de feijão com bacon defumado,Leguminosas e derivados,TBCA
Caldo de feijão com sal,Leguminosas e derivados,TBCA
Cassoulet com feijão branco e carne,Leguminosas e derivados,TBCA
"Cassoulet com feijão branco, carne e sal",Leguminosas e derivados,TBCA
Chilli de carne com feijão,Leguminosas e derivados,TBCA
Chilli de carne com feijão e sal,Leguminosas e derivados,TBCA
Ervilha cozida,Leguminosas e derivados,TBCA
Ervilha em vagem cozida com sal,Leguminosas e derivados,TBCA
Ervilha em vagem crua,Leguminosas e derivados,TBCA
Ervilha em vagem fresca cozida,Leguminosas e derivados,TBCA
Ervilha em vagem refogada,Leguminosas e derivados,TBCA
Ervilha em vagem refogada com sal,Leguminosas e derivados,TBCA
Ervilha enlatada,Leguminosas e derivados,TBCA
Ervilha enlatada (Jurema),Leguminosas e derivados,TBCA
Extrato de soja com suco de abacaxi,Leguminosas e derivados,TBCA
Extrato de soja com suco de maçã,Leguminosas e derivados,TBCA
Extrato de soja com suco de maracujá,Leguminosas e derivados,TBCA
Extrato de soja com suco de morango,Leguminosas e derivados,TBCA
Extrato de soja solúvel em pó,Leguminosas e derivados,TBCA
Farinha de grão de bico,Leguminosas e derivados,TBCA
Farinha de soja com casca,Leguminosas e derivados,TBCA
Farinha de soja com casca desengordurada,Leguminosas e derivados,TBCA
Farinha de soja sem casca,Leguminosas e derivados,TBCA
Fava cozida,Leguminosas e derivados,TBCA
Fava cozida (grão e água),Leguminosas e derivados,TBCA
Fava cozida (grão e água) com óleo e sal,Leguminosas e derivados,TBCA
Fava cozida (grão e água) com sal,Leguminosas e derivados,TBCA
Fava cozida com óleo e sal,Leguminosas e derivados,TBCA
Fava cozida com sal,Leguminosas e derivados,TBCA
Fava crua,Leguminosas e derivados,TBCA
Feijão branco cozido,Leguminosas e derivados,TBCA
Feijão branco cozido com azeite,Leguminosas e derivados,TBCA
Feijão branco cozido com azeite e sal,Leguminosas e derivados,TBCA
Feijão branco cozido com sal,Leguminosas e derivados,TBCA
Feijão branco cru,Leguminosas e derivados,TBCA
Feijão carioca,Leguminosas e derivados,TBCA
Feijão carioca,Leguminosas e derivados,TBCA
Feijão carioca cozido,Leguminosas e derivados,TBCA
Feijão carioca cozido,Leguminosas e derivados,TBCA
Feijão carioca cozido com óleo,Leguminosas e derivados,TBCA
Feijão carioca cozido com óleo,Leguminosas e derivados,TBCA
Feijão carioca cozido com óleo e sal,Leguminosas e derivados,TBCA
Feijão carioca cozido com óleo e sal,Leguminosas e derivados,TBCA
Feijão carioca cru,Leguminosas e derivados,TBCA
Feijão carioca cru,Leguminosas e derivados,TBCA
Feijão fradinho cozido,Leguminosas e derivados,TBCA
Feijão fradinho cozido com óleo e sal,Leguminosas e derivados,TBCA
Feijão fradinho cozido com óleo e sal,Leguminosas e derivados,TBCA
Feijão fradinho cru,Leguminosas e derivados,TBCA
Feijão guandu cozido,Leguminosas e derivados,TBCA
Feijão guandu cozido com sal,Leguminosas e derivados,TBCA
Feijão guandu cozido drenado com sal,Leguminosas e derivados,TBCA
Feijão guandu cozido e drenado,Leguminosas e derivados,TBCA
Feijão jalo cozido,Leguminosas e derivados,TBCA
Feijão jalo cru,Leguminosas e derivados,TBCA
Feijão preto com linguiça calabresa,Leguminosas e derivados,TBCA
"Feijão preto com linguiça calabresa, óleo e sal",Leguminosas e derivados,TBCA
Feijão preto cozido,Leguminosas e derivados,TBCA
"Feijão preto cozido com carne de boi, charque, com óleo",Leguminosas e derivados,TBCA
"Feijão preto cozido com carne de boi, charque, com óleo e sal",Leguminosas e derivados,TBCA
"Feijão preto cozido com carne, músculo sem gordura e óleo",Leguminosas e derivados,TBCA
"Feijão preto cozido com carne, músculo sem gordura, óleo e sal",Leguminosas e derivados,TBCA
Feijão preto cozido com óleo,Leguminosas e derivados,TBCA
Feijão preto cozido com óleo e sal,Leguminosas e derivados,TBCA
Feijão preto cru,Leguminosas e derivados,TBCA
Feijão rajado cozido,Leguminosas e derivados,TBCA
Feijão rajado cru,Leguminosas e derivados,TBCA
Feijão rosinha cru,Leguminosas e derivados,TBCA
Feijão roxo cozido,Leguminosas e derivados,TBCA
Feijão roxo cru,Leguminosas e derivados,TBCA
Feijão tropeiro mineiro com sal,Leguminosas e derivados,TBCA
Feijão tropeiro mineiro sem sal,Leguminosas e derivados,TBCA
Feijão vermelho cozido,Leguminosas e derivados,TBCA
Feijão vermelho cozido,Leguminosas e derivados,TBCA
Feijão vermelho cru,Leguminosas e derivados,TBCA
Feijão vermelho cru,Leguminosas e derivados,TBCA
Feijoada,Leguminosas e derivados,TBCA
Feijoada com sal,Leguminosas e derivados,TBCA
Feijoada vegetariana,Leguminosas e derivados,TBCA
Fejião rosinha cozido,Leguminosas e derivados,TBCA
Grão de bico cozido,Leguminosas e derivados,TBCA
Grão de bico cozido com sal,Leguminosas e derivados,TBCA
Grão de bico cru,Leguminosas e derivados,TBCA
Grão de bico em conserva,Leguminosas e derivados,TBCA
Grão de ervilha cozida,Leguminosas e derivados,TBCA
Grão de ervilha cozida com sal,Leguminosas e derivados,TBCA
Grão de ervilha partida cozida,Leguminosas e derivados,TBCA
Grão de ervilha partida cozida com sal,Leguminosas e derivados,TBCA
Grão de ervilha partida crua,Leguminosas e derivados,TBCA
Grão de feijão guandu cru,Leguminosas e derivados,TBCA
Grão de soja cozido,Leguminosas e derivados,TBCA
Grão de soja cozido com azeite,Leguminosas e derivados,TBCA
Grão de soja cozido com azeite e sal,Leguminosas e derivados,TBCA
Grão de soja cozido com sal,Leguminosas e derivados,TBCA
Grão de soja cru,Leguminosas e derivados,TBCA
Grão de soja descascado cozido,Leguminosas e derivados,TBCA
Grão de soja orgânico cozido,Leguminosas e derivados,TBCA
Grão de soja seco em estufa,Leguminosas e derivados,TBCA
Grão de soja sem casca tostado e moído,Leguminosas e derivados,TBCA
Grão de soja torrado,Leguminosas e derivados,TBCA
Hambúrguer de soja cru,Leguminosas e derivados,TBCA
Hambúrguer de soja grelhado com sal,Leguminosas e derivados,TBCA
Jardineira de carne de soja,Leguminosas e derivados,TBCA
Jardineira de carne de soja com sal,Leguminosas e derivados,TBCA
Lentilha cozida,Leguminosas e derivados,TBCA
Lentilha cozida com bacon defumado,Leguminosas e derivados,TBCA
Lentilha cozida com linguiça calabresa,Leguminosas e derivados,TBCA
Lentilha cozida com óleo,Leguminosas e derivados,TBCA
Lentilha cozida com óleo e sal,Leguminosas e derivados,TBCA
Lentilha crua,Leguminosas e derivados,TBCA
Missoshiro,Leguminosas e derivados,TBCA
Molho de soja tradicional,Leguminosas e derivados,TBCA
Molho shoyu,Leguminosas e derivados,TBCA
Molho soja premium,Leguminosas e derivados,TBCA
Pasta de feijão vermelho frijoles com pimenta do reino e óleo,Leguminosas e derivados,TBCA
"Pasta de feijão vermelho frijoles com pimenta do reino, óleo, e sal",Leguminosas e derivados,TBCA
Pasta de soja Missô,Leguminosas e derivados,TBCA
Pasta de soja Missô aka,Leguminosas e derivados,TBCA
Pasta de soja Missô shirô,Leguminosas e derivados,TBCA
Proteína de soja texturizada,Leguminosas e derivados,TBCA
Proteína de soja texturizada hidratada,Leguminosas e derivados,TBCA
Proteína texturizada de soja hidratada refogada com óleo e sal,Leguminosas e derivados,TBCA
Quibe de soja cru,Leguminosas e derivados,TBCA
Quibe vegetariano com cenoura,Leguminosas e derivados,TBCA
Quibe vegetariano com cenoura e sal,Leguminosas e derivados,TBCA
Quibe vegetariano com tomate e pimentão,Leguminosas e derivados,TBCA
"Quibe vegetariano com tomate, pimentão e sal",Leguminosas e derivados,TBCA
Rubacão,Leguminosas e derivados,TBCA
Salada de feijão fradinho,Leguminosas e derivados,TBCA
Salada de feijão fradinho com azeite,Leguminosas e derivados,TBCA
Salada de feijão fradinho com azeite e sal,Leguminosas e derivados,TBCA
Salada de grão-de-bico,Leguminosas e derivados,TBCA
Salada de grão-de-bico com azeite,Leguminosas e derivados,TBCA
Salada de grão-de-bico com azeite e sal,Leguminosas e derivados,TBCA
Salada de lentilha,Leguminosas e derivados,TBCA
Salada de lentilha com azeite,Leguminosas e derivados,TBCA
Salada de lentilha com azeite e sal,Leguminosas e derivados,TBCA
Salsicha de soja crua,Leguminosas e derivados,TBCA
Semente orelha de padre cozida,Leguminosas e derivados,TBCA
Semente orelha de padre cozida com sal,Leguminosas e derivados,TBCA
Semente orelha de padre cozida drenada,Leguminosas e derivados,TBCA
Semente orelha de padre cozida drenada com sal,Leguminosas e derivados,TBCA
Semente orelha de padre cru,Leguminosas e derivados,TBCA
Strogonoff de soja,Leguminosas e derivados,TBCA
Tofu,Leguminosas e derivados,TBCA
Tremoço,Leguminosas e derivados,TBCA
Tremoço em conserva com sal,Leguminosas e derivados,TBCA
Tutu de feijão,Leguminosas e derivados,TBCA
Vagem (feijão-vagem) cozida,Leguminosas e derivados,TBCA
Vagem (feijão-vagem) cozida com óleo,Leguminosas e derivados,TBCA
Vagem (feijão-vagem) cozida com óleo e sal,Leguminosas e derivados,TBCA
Vagem (feijão-vagem) cozida com sal,Leguminosas e derivados,TBCA
Vagem (feijão-vagem) crua,Leguminosas e derivados,TBCA
Vagem (feijão-vagem) manteiga crua,Leguminosas e derivados,TBCA
Vagem (feijão-vagem) refogada,Leguminosas e derivados,TBCA
Vagem (feijão-vagem) refogada com sal,Leguminosas e derivados,TBCA
Vagem macarrão cozida,Leguminosas e derivados,TBCA
Vagem macarrão crua,Leguminosas e derivados,TBCA
Vagem manteiga cozida,Leguminosas e derivados,TBCA
Virado a paulista,Leguminosas e derivados,TBCA
Virado à paulista,Leguminosas e derivados,TBCA
Virado à paulista com sal,Leguminosas e derivados,TBCA
Virado de feijão,Leguminosas e derivados,TBCA
Acarajé com sal,Leguminosas e derivados,TBCA 7.2
Acarajé sem sal,Leguminosas e derivados,TBCA 7.2
Almôndega de soja assada,Leguminosas e derivados,TBCA 7.2
Almôndega de soja assada com sal,Leguminosas e derivados,TBCA 7.2
Amendoim caramelizado,Leguminosas e derivados,TBCA 7.2
Amendoim cru,Leguminosas e derivados,TBCA 7.2
Amendoim torrado com sal,Leguminosas e derivados,TBCA 7.2
Arrumadinho de charque,Leguminosas e derivados,TBCA 7.2
Bebida vegetal à base de tremoço,Leguminosas e derivados,TBCA 7.2
Bolinho de vagem frito com óleo e sal caseiro,Leguminosas e derivados,TBCA 7.2
Caldo de feijão com bacon e sal,Leguminosas e derivados,TBCA 7.2
Caldo de feijão com sal,Leguminosas e derivados,TBCA 7.2
Cassoulet com feijão branco e carne sem sal,Leguminosas e derivados,TBCA 7.2
"Cassoulet com feijão branco, carne e sal",Leguminosas e derivados,TBCA 7.2
Chilli de carne com feijão e sal,Leguminosas e derivados,TBCA 7.2
Chilli de carne com feijão sem sal,Leguminosas e derivados,TBCA 7.2
Ervilha em vagem crua,Leguminosas e derivados,TBCA 7.2
Ervilha em vagem fresca cozida com sal,Leguminosas e derivados,TBCA 7.2
Ervilha em vagem fresca cozida sem sal,Leguminosas e derivados,TBCA 7.2
Ervilha em vagem refogada com óleo e sal,Leguminosas e derivados,TBCA 7.2
Ervilha em vagem refogada com óleo e sal,Leguminosas e derivados,TBCA 7.2
Ervilha enlatada drenada,Leguminosas e derivados,TBCA 7.2
Ervilha enlatada drenada,Leguminosas e derivados,TBCA 7.2
Ervilha fresca/seca cozida sem sal,Leguminosas e derivados,TBCA 7.2
Extrato de soja (bebida),Leguminosas e derivados,TBCA 7.2
Extrato de soja (tipo iogurte),Leguminosas e derivados,TBCA 7.2
Extrato de soja com suco de abacaxi,Leguminosas e derivados,TBCA 7.2
Extrato de soja com suco de maçã,Leguminosas e derivados,TBCA 7.2
Extrato de soja com suco de morango,Leguminosas e derivados,TBCA 7.2
Extrato de soja natural (bebida),Leguminosas e derivados,TBCA 7.2
Extrato de soja solúvel em pó,Leguminosas e derivados,TBCA 7.2
Extrto de soja com suco de maracujá,Leguminosas e derivados,TBCA 7.2
Falafel com grão de bico frito com sal,Leguminosas e derivados,TBCA 7.2
Falafel com grão de bico frito sem sal,Leguminosas e derivados,TBCA 7.2
Farinha de grão-de-bico desengordurado,Leguminosas e derivados,TBCA 7.2
Farinha de soja com casca,Leguminosas e derivados,TBCA 7.2
Farinha de soja com casca desengordurada,Leguminosas e derivados,TBCA 7.2
Farinha de soja sem casca,Leguminosas e derivados,TBCA 7.2
Feijão branco cozido com azeite de oliva,Leguminosas e derivados,TBCA 7.2
Feijão branco cozido com azeite de oliva e sal,Leguminosas e derivados,TBCA 7.2
Feijão branco cozido com sal,Leguminosas e derivados,TBCA 7.2
Feijão branco cozido sem sal,Leguminosas e derivados,TBCA 7.2
Feijão branco cru,Leguminosas e derivados,TBCA 7.2
Feijão carioca com sal,Leguminosas e derivados,TBCA 7.2
Feijão carioca cozido,Leguminosas e derivados,TBCA 7.2
Feijão carioca cozido,Leguminosas e derivados,TBCA 7.2
"Feijão carioca cozido com óleo, cebola e alho e sal",Leguminosas e derivados,TBCA 7.2
"Feijão carioca cozido com óleo, cebola e alho sem sal",Leguminosas e derivados,TBCA 7.2
Feijão carioca cozido com sal (só grãos),Leguminosas e derivados,TBCA 7.2
Feijão carioca cru,Leguminosas e derivados,TBCA 7.2
Feijão carioca de restaurante,Leguminosas e derivados,TBCA 7.2
Feijão fradinho (corda) cozido,Leguminosas e derivados,TBCA 7.2
Feijão fradinho (corda) cru,Leguminosas e derivados,TBCA 7.2
Feijão fradinho cozido,Leguminosas e derivados,TBCA 7.2
"Feijão fradinho cozido com óleo, cebola, alho e sal",Leguminosas e derivados,TBCA 7.2
"Feijão fradinho cozido com óleo, cebola, alho sem sal",Leguminosas e derivados,TBCA 7.2
Feijão fradinho cozido com sal,Leguminosas e derivados,TBCA 7.2
Feijão jalo cozido sem sal,Leguminosas e derivados,TBCA 7.2
Feijão jalo cru,Leguminosas e derivados,TBCA 7.2
"Feijão preto com bacon, óleo, cebola, alho e sal",Leguminosas e derivados,TBCA 7.2
"Feijão preto com beterraba, óleo, cebola e alho com sal",Leguminosas e derivados,TBCA 7.2
"Feijão preto com beterraba, óleo, cebola e alho sem sal",Leguminosas e derivados,TBCA 7.2
"Feijão preto com linguiça calabresa, óleo, cebola e alho sem sal",Leguminosas e derivados,TBCA 7.2
"Feijão preto com linguiça calabresa, óleo, cebola, alho e sal",Leguminosas e derivados,TBCA 7.2
Feijão preto cozido com charque com óleo e sal,Leguminosas e derivados,TBCA 7.2
Feijão preto cozido com charque e óleo sem sal,Leguminosas e derivados,TBCA 7.2
"Feijão preto cozido com músculo sem gordura  e óleo, sem sal",Leguminosas e derivados,TBCA 7.2
"Feijão preto cozido com músculo sem gordura, óleo e sal",Leguminosas e derivados,TBCA 7.2
Feijão preto cozido com óleo e sal,Leguminosas e derivados,TBCA 7.2
Feijão preto cozido com óleo sem sal,Leguminosas e derivados,TBCA 7.2
Feijão preto cozido com sal,Leguminosas e derivados,TBCA 7.2
Feijão preto cozido no vapor sem sal,Leguminosas e derivados,TBCA 7.2
Feijão preto cozido sem sal,Leguminosas e derivados,TBCA 7.2
Feijão preto cru,Leguminosas e derivados,TBCA 7.2
Feijão preto drenado com sal,Leguminosas e derivados,TBCA 7.2
Feijão preto drenado sem sal,Leguminosas e derivados,TBCA 7.2
Feijão rajado cozido sem sal,Leguminosas e derivados,TBCA 7.2
Feijão rajado cru,Leguminosas e derivados,TBCA 7.2
Feijão rosinha cru,Leguminosas e derivados,TBCA 7.2
Feijão roxo cozido sem sal,Leguminosas e derivados,TBCA 7.2
Feijão roxo cru,Leguminosas e derivados,TBCA 7.2
Feijão tropeiro mineiro com sal,Leguminosas e derivados,TBCA 7.2
Feijão tropeiro mineiro sem sal,Leguminosas e derivados,TBCA 7.2
Feijão vermelho cozido sem sal,Leguminosas e derivados,TBCA 7.2
Feijão vermelho cru,Leguminosas e derivados,TBCA 7.2
Feijoada com sal,Leguminosas e derivados,TBCA 7.2
Feijoada sem sal,Leguminosas e derivados,TBCA 7.2
Feijoada vegetariana com sal,Leguminosas e derivados,TBCA 7.2
Fejião rosinha cozido sem temperos,Leguminosas e derivados,TBCA 7.2
Filé de tilápia sem pele cozido com sal,Leguminosas e derivados,TBCA 7.2
Filé de tucunaré cozido com sal,Leguminosas e derivados,TBCA 7.2
"Grão de bico cozido com óleo de soja, cebola e alho sem sal",Leguminosas e derivados,TBCA 7.2
Grão de bico cozido sal,Leguminosas e derivados,TBCA 7.2
Grão de bico cozido sem sal,Leguminosas e derivados,TBCA 7.2
Grão de bico cru,Leguminosas e derivados,TBCA 7.2
"Grão de bico de cozido com óleo de soja, cebola, alho e sal",Leguminosas e derivados,TBCA 7.2
Grão de ervilha fresca cozida com sal,Leguminosas e derivados,TBCA 7.2
Grão de ervilha fresca cozida sem sal,Leguminosas e derivados,TBCA 7.2
Grão de ervilha fresca crua,Leguminosas e derivados,TBCA 7.2
Grão de ervilha seca partida cozida com sal,Leguminosas e derivados,TBCA 7.2
"Grão de ervilha seca, partida e crua",Leguminosas e derivados,TBCA 7.2
Grão de fava seca cozida com óleo e sal,Leguminosas e derivados,TBCA 7.2
Grão de fava seco cozido com sal,Leguminosas e derivados,TBCA 7.2
Grão de fava seco cozido com sal,Leguminosas e derivados,TBCA 7.2
Grão de fava seco cozido sem sal,Leguminosas e derivados,TBCA 7.2
Grão de fava seco cozido sem sal,Leguminosas e derivados,TBCA 7.2
Grão de fava seco e cru,Leguminosas e derivados,TBCA 7.2
Grão de feijão guandu cozido,Leguminosas e derivados,TBCA 7.2
Grão de feijão guandu cozido,Leguminosas e derivados,TBCA 7.2
Grão de feijão guandu cozido com óleo e sal,Leguminosas e derivados,TBCA 7.2
Grão de feijão guandu cozido com sal,Leguminosas e derivados,TBCA 7.2
Grão de feijão guandu cru,Leguminosas e derivados,TBCA 7.2
"Grão de seca, partida e cozida sem sal",Leguminosas e derivados,TBCA 7.2
Grão de soja cozido drenado com azeite de oliva e sal,Leguminosas e derivados,TBCA 7.2
Grão de soja cozido sem óleo e com sal,Leguminosas e derivados,TBCA 7.2
Grão de soja cozido sem óleo e sem sal,Leguminosas e derivados,TBCA 7.2
Grão de soja cru,Leguminosas e derivados,TBCA 7.2
Grão de soja descascada cozida sem sal,Leguminosas e derivados,TBCA 7.2
Grão de soja orgânica cozida sem sal,Leguminosas e derivados,TBCA 7.2
Grão de soja seco em estufa,Leguminosas e derivados,TBCA 7.2
Grão de soja torrado,Leguminosas e derivados,TBCA 7.2
Grão de soja tostado sem casca moído,Leguminosas e derivados,TBCA 7.2
Grão e soja cozido com azeite de oliva sem sal,Leguminosas e derivados,TBCA 7.2
Grão-de-bico em conserva,Leguminosas e derivados,TBCA 7.2
Hambúrguer de grão de bico grelhado com azeite de oliva e sal,Leguminosas e derivados,TBCA 7.2
Hambúrguer de soja cru,Leguminosas e derivados,TBCA 7.2
Hambúrguer de soja grelhado com óleo de soja e sal,Leguminosas e derivados,TBCA 7.2
Hómus com grão de bico sem sal,Leguminosas e derivados,TBCA 7.2
Jardineira de carne de soj com sal,Leguminosas e derivados,TBCA 7.2
Jardineira de carne de soja sem sal,Leguminosas e derivados,TBCA 7.2
"Lentilha cozida com bacon, óleo, cebola e alho com sal",Leguminosas e derivados,TBCA 7.2
"Lentilha cozida com linguiça calabresa, óleo, cebola, alho e sal",Leguminosas e derivados,TBCA 7.2
"Lentilha cozida com óleo de soja, cebola e alho sem sal",Leguminosas e derivados,TBCA 7.2
"Lentilha cozida com óleo de soja, cebola, alho e sal",Leguminosas e derivados,TBCA 7.2
"Lentilha cozida com óleo, cebola e alho com sal",Leguminosas e derivados,TBCA 7.2
"Lentilha cozida com óleo, cebola e alho sem sal",Leguminosas e derivados,TBCA 7.2
Lentilha cozida drenada com sal,Leguminosas e derivados,TBCA 7.2
Lentilha cozida sem sal,Leguminosas e derivados,TBCA 7.2
Lentilha crua,Leguminosas e derivados,TBCA 7.2
Massa de pizza de grão de bico vegana assada com sal,Leguminosas e derivados,TBCA 7.2
Missoshiro,Leguminosas e derivados,TBCA 7.2
Molho de soja premium (Sakura),Leguminosas e derivados,TBCA 7.2
Molho de soja tradicional (Sakura),Leguminosas e derivados,TBCA 7.2
Mousse de chocolate com adoçante,Leguminosas e derivados,TBCA 7.2
Mousse de chocolate com melado,Leguminosas e derivados,TBCA 7.2
"Omelete vegano (grãomelete) - farinha de grão de bico, água, tomate, cheiro verde,  óleo de girassol e sal)",Leguminosas e derivados,TBCA 7.2
Pasta de feijão vermelho frijoles com pimenta do reino e óleo com sal,Leguminosas e derivados,TBCA 7.2
Pasta de feijão vermelho frijoles com pimenta do reino e óleo sem sal,Leguminosas e derivados,TBCA 7.2
Pasta de soja Missô,Leguminosas e derivados,TBCA 7.2
Pasta de soja Missô aka,Leguminosas e derivados,TBCA 7.2
Pasta de soja Missô shirô,Leguminosas e derivados,TBCA 7.2
Pizza de massa de grão de bico com queijo vegano e tomate,Leguminosas e derivados,TBCA 7.2
Porteína de soja texturizada,Leguminosas e derivados,TBCA 7.2
Proteína de soja texturizada hidratada (com caldo de legumes) e refogada com sal,Leguminosas e derivados,TBCA 7.2
Proteína de soja texturizada hidratada (com caldo de legumes) sem sal,Leguminosas e derivados,TBCA 7.2
Puchero com grão de bico e sal,Leguminosas e derivados,TBCA 7.2
Purê de ervilha com manteiga e leite sem sal,Leguminosas e derivados,TBCA 7.2
"Purê de ervilha com manteiga, leite e sal",Leguminosas e derivados,TBCA 7.2
Queijo vegetal com bebida à base de castanha de caju e sal,Leguminosas e derivados,TBCA 7.2
"Queijo vegetal com castanha de caju, castanha do Brasil, amêndoas e sal",Leguminosas e derivados,TBCA 7.2
"Queijo vegetal com tremoço, castanha de caju, polvilho e sal",Leguminosas e derivados,TBCA 7.2
Quibe de soja mini sem tempero cru,Leguminosas e derivados,TBCA 7.2
Quibe vegetariano com cenoura e sal,Leguminosas e derivados,TBCA 7.2
Quibe vegetariano com cenoura sem sal,Leguminosas e derivados,TBCA 7.2
Quibe vegetariano com lentilha assado,Leguminosas e derivados,TBCA 7.2
Quibe vegetariano com lentilha assado com sal,Leguminosas e derivados,TBCA 7.2
Quibe vegetariano com tomate e pimentão com sal,Leguminosas e derivados,TBCA 7.2
Quibe vegetariano com tomate e pimentão sem sal,Leguminosas e derivados,TBCA 7.2
Rubacão,Leguminosas e derivados,TBCA 7.2
Salada de feijão fradinho com azeite de oliva e sal,Leguminosas e derivados,TBCA 7.2
Salada de feijão fradinho com azeite de oliva sem sal,Leguminosas e derivados,TBCA 7.2
Salada de feijão fradinho sem óleo e sem sal,Leguminosas e derivados,TBCA 7.2
Salada de grão-de-bico com azeite de oliva sem sal,Leguminosas e derivados,TBCA 7.2
Salada de grão-de-bico com azeite e sal,Leguminosas e derivados,TBCA 7.2
Salada de grão-de-bico sem óleo e sem sal,Leguminosas e derivados,TBCA 7.2
Salada de lentilha com azeite de oliva,Leguminosas e derivados,TBCA 7.2
Salada de lentilha com azeite de oliva sem sal,Leguminosas e derivados,TBCA 7.2
Salada de lentilha sem óleo e sem sal,Leguminosas e derivados,TBCA 7.2
Salsicha de soja crua,Leguminosas e derivados,TBCA 7.2
Semente de orelha-de-padre cozida,Leguminosas e derivados,TBCA 7.2
Semente de orelha-de-padre cozida,Leguminosas e derivados,TBCA 7.2
Semente de orelha-de-padre cozida com sal,Leguminosas e derivados,TBCA 7.2
Semente de orelha-de-padre cozida com sal,Leguminosas e derivados,TBCA 7.2
Semente de orelha-de-padre seca e crua,Leguminosas e derivados,TBCA 7.2
Strogonoff de soja,Leguminosas e derivados,TBCA 7.2
Tofu de soja,Leguminosas e derivados,TBCA 7.2
Tremoço cru,Leguminosas e derivados,TBCA 7.2
Tremoço em conserva com sal,Leguminosas e derivados,TBCA 7.2
Tutu de feijão,Leguminosas e derivados,TBCA 7.2
Vagem cozida com óleo de soja e sal,Leguminosas e derivados,TBCA 7.2
Vagem cozida com óleo de soja e sem sal,Leguminosas e derivados,TBCA 7.2
Vagem cozida com sal,Leguminosas e derivados,TBCA 7.2
Vagem crua,Leguminosas e derivados,TBCA 7.2
Vagem macarrão cozida sem óleo e sem sal,Leguminosas e derivados,TBCA 7.2
Vagem macarrão cura,Leguminosas e derivados,TBCA 7.2
Vagem manteiga cozida sem óleo e sem sal,Leguminosas e derivados,TBCA 7.2
Vagem manteiga crua,Leguminosas e derivados,TBCA 7.2
Vagem refogada com sal,Leguminosas e derivados,TBCA 7.2
Vagem refogada sem sal,Leguminosas e derivados,TBCA 7.2
Virado a paulista,Leguminosas e derivados,TBCA 7.2
Virado à paulista com sal,Leguminosas e derivados,TBCA 7.2
Virado à paulista sem sal,Leguminosas e derivados,TBCA 7.2
Virado de feijão,Leguminosas e derivados,TBCA 7.2
"Vitamina com bebida vegetal à base de amêndoa com banana, mamão e abacate",Leguminosas e derivados,TBCA 7.2
"Vitamina com bebida vegetal à base de amêndoa com banana, mamão, abacate e açúcar mascavo",Leguminosas e derivados,TBCA 7.2
"Bebida láctea, pêssego",Leite e derivados,TACO
Creme de Leite,Leite e derivados,TACO
"Iogurte, natural",Leite e derivados,TACO
"Iogurte, natural, desnatado",Leite e derivados,TACO
"Iogurte, sabor morango",Leite e derivados,TACO
"Iogurte, sabor pêssego",Leite e derivados,TACO
"Leite, condensado",Leite e derivados,TACO
"Leite, de cabra",Leite e derivados,TACO
"Leite, de vaca, achocolatado",Leite e derivados,TACO
"Leite, de vaca, desnatado, pó",Leite e derivados,TACO
"Leite, de vaca, integral, pó",Leite e derivados,TACO
"Leite, fermentado",Leite e derivados,TACO
"Queijo, minas, frescal",Leite e derivados,TACO
"Queijo, minas, meia cura",Leite e derivados,TACO
"Queijo, mozarela",Leite e derivados,TACO
"Queijo, parmesão",Leite e derivados,TACO
"Queijo, pasteurizado",Leite e derivados,TACO
"Queijo, petit suisse, morango",Leite e derivados,TACO
"Queijo, prato",Leite e derivados,TACO
"Queijo, requeijão, cremoso",Leite e derivados,TACO
"Queijo, ricota",Leite e derivados,TACO
Bebida láctea,Leite e derivados,TBCA
Bebida láctea de frutas vermelhas,Leite e derivados,TBCA
Bebida láctea de morango,Leite e derivados,TBCA
Cream cheese,Leite e derivados,TBCA
Cream cheese com ervas finas,Leite e derivados,TBCA
Cream cheese tradicional,Leite e derivados,TBCA
Creme de leite enlatado UHT,Leite e derivados,TBCA
Espeto de muçarela de búfala com tomate e manjericão grelhado,Leite e derivados,TBCA
Iogurte integral,Leite e derivados,TBCA
Iogurte integral com polpa de morango,Leite e derivados,TBCA
Iogurte integral com salada de frutas,Leite e derivados,TBCA
Iogurte integral de ameixa,Leite e derivados,TBCA
Iogurte integral de coco,Leite e derivados,TBCA
Iogurte integral de maçã,Leite e derivados,TBCA
Iogurte integral de maracujá,Leite e derivados,TBCA
Iogurte integral de morango,Leite e derivados,TBCA
Iogurte integral de pêssego,Leite e derivados,TBCA
Iogurte natural,Leite e derivados,TBCA
Iogurte natural (Vigor),Leite e derivados,TBCA
Iogurte natural com aveia em flocos,Leite e derivados,TBCA
Iogurte natural com granola caseira,Leite e derivados,TBCA
Iogurte natural com granola caseira simples,Leite e derivados,TBCA
Iogurte natural desnatado,Leite e derivados,TBCA
Iogurte natural desnatado (Vigor),Leite e derivados,TBCA
Iogurte natural desnatado com aveia em flocos,Leite e derivados,TBCA
Iogurte natural desnatado com granola caseira,Leite e derivados,TBCA
"Iogurte natural desnatado com granola, simples",Leite e derivados,TBCA
Kefir com leite integral,Leite e derivados,TBCA
Leite de búfala integral,Leite e derivados,TBCA
Leite de cabra desnatado,Leite e derivados,TBCA
Leite de cabra integral,Leite e derivados,TBCA
Leite de vaca com café em pó,Leite e derivados,TBCA
Leite de vaca com chocolate,Leite e derivados,TBCA
Leite de vaca com chocolate em pó,Leite e derivados,TBCA
Leite de vaca com chocolate fluído,Leite e derivados,TBCA
Leite de vaca condensado,Leite e derivados,TBCA
Leite de vaca desnatado com chocolate,Leite e derivados,TBCA
Leite de vaca desnatado em pó,Leite e derivados,TBCA
Leite de vaca desnatado fluído,Leite e derivados,TBCA
Leite de vaca desnatado UHT,Leite e derivados,TBCA
Leite de vaca fermentado,Leite e derivados,TBCA
Leite de vaca integral em pó,Leite e derivados,TBCA
Leite de vaca integral em pó,Leite e derivados,TBCA
Leite de vaca integral em pó (Ninho),Leite e derivados,TBCA
Leite de vaca integral instantâneo em pó (Ninho),Leite e derivados,TBCA
Leite de vaca integral orgânico,Leite e derivados,TBCA
Leite de vaca integral UHT,Leite e derivados,TBCA
Leite de vaca semidesnatado UHT,Leite e derivados,TBCA
Leite materno (colostro),Leite e derivados,TBCA
Leite materno maduro,Leite e derivados,TBCA
"Leite, vaca, integral, fluído",Leite e derivados,TBCA
Mingau de aveia,Leite e derivados,TBCA
Mingau de farinha de cereais com leite integral,Leite e derivados,TBCA
Mingau de farinha de cereais com leite integral,Leite e derivados,TBCA
Mingau de farinha láctea com leite integral,Leite e derivados,TBCA
Mingau de maisena,Leite e derivados,TBCA
Mingau de maisena com banana,Leite e derivados,TBCA
Molho branco,Leite e derivados,TBCA
Molho branco com sal,Leite e derivados,TBCA
Molho de iogurte para salada com sal,Leite e derivados,TBCA
Mousse de camarão,Leite e derivados,TBCA
Mousse de peixe,Leite e derivados,TBCA
Mousse de salmão,Leite e derivados,TBCA
Pudim de leite,Leite e derivados,TBCA
Pudim de sorvete,Leite e derivados,TBCA
Queijo cheddar,Leite e derivados,TBCA
Queijo coalho,Leite e derivados,TBCA
Queijo fundido,Leite e derivados,TBCA
Queijo minas frescal,Leite e derivados,TBCA
Queijo minas padrão,Leite e derivados,TBCA
Queijo minas padrão (Teixeira),Leite e derivados,TBCA
Queijo minas tipo parmesão,Leite e derivados,TBCA
Queijo muçarela de leite de vaca e búfala,Leite e derivados,TBCA
Queijo muçarela/mussarela,Leite e derivados,TBCA
Queijo parmesão ralado (Teixeira),Leite e derivados,TBCA
Queijo pasteurizado,Leite e derivados,TBCA
Queijo pasteurizado (Polenguinho),Leite e derivados,TBCA
Queijo petit suisse,Leite e derivados,TBCA
Queijo prato,Leite e derivados,TBCA
Queijo provolone,Leite e derivados,TBCA
Queijo requeijao do norte (queijo de manteiga),Leite e derivados,TBCA
Queijo tilst,Leite e derivados,TBCA
Requeijão,Leite e derivados,TBCA
Requeijão (Danúbio),Leite e derivados,TBCA
Requeijão (Vigor),Leite e derivados,TBCA
Ricota,Leite e derivados,TBCA
Vitamina de leite de vaca integral com abacate,Leite e derivados,TBCA
Vitamina de leite de vaca integral com abacate e açúcar,Leite e derivados,TBCA
Vitamina de leite de vaca integral com banana,Leite e derivados,TBCA
Vitamina de leite de vaca integral com banana e açúcar,Leite e derivados,TBCA
Vitamina de leite de vaca integral com banana e aveia,Leite e derivados,TBCA
"Vitamina de leite de vaca integral com banana, aveia e açúcar",Leite e derivados,TBCA
"Vitamina de leite de vaca integral com banana, mamão e maçã",Leite e derivados,TBCA
"Vitamina de leite de vaca integral com banana, mamão, maçã e açúcar",Leite e derivados,TBCA
"Vitamina de leite de vaca integral com banana, mamão, maçã e aveia em flocos",Leite e derivados,TBCA
"Vitamina de leite de vaca integral com banana, mamão, maçã, aveia em flocos e açúcar",Leite e derivados,TBCA
Vitamina de leite de vaca integral com maçã,Leite e derivados,TBCA
Vitamina de leite de vaca integral com maçã e açúcar,Leite e derivados,TBCA
Vitamina de leite de vaca integral com mamão,Leite e derivados,TBCA
Vitamina de leite de vaca integral com mamão e açúcar,Leite e derivados,TBCA
Vitamina de leite de vaca integral com manga,Leite e derivados,TBCA
Vitamina de leite de vaca integral com manga e açúcar,Leite e derivados,TBCA
Vitamina de leite de vaca integral com morango,Leite e derivados,TBCA
Vitamina de leite de vaca integral com morango e açúcar,Leite e derivados,TBCA
Bebida láctea,Leite e derivados,TBCA 7.2
Bebida láctea de frutas vermelhas (Dan Up),Leite e derivados,TBCA 7.2
Bebida láctea de morango (Dan Up),Leite e derivados,TBCA 7.2
Caviar,Leite e derivados,TBCA 7.2
Coalhada de leite integral,Leite e derivados,TBCA 7.2
Cream cheese,Leite e derivados,TBCA 7.2
Cream cheese com ervas finas (Danúbio),Leite e derivados,TBCA 7.2
Cream cheese tradicional,Leite e derivados,TBCA 7.2
"Creme de leite (25% de gordura, UHT, enlatado)",Leite e derivados,TBCA 7.2
Espeto de queijo coalho grelhado sem óleo,Leite e derivados,TBCA 7.2
Espeto de queijo de muçarela de búfala com tomate e manjericão grelhado sem óleo,Leite e derivados,TBCA 7.2
Espeto de queijo de muçarela de búfala grelhado,Leite e derivados,TBCA 7.2
Espeto de queijo de muçarela grelhado sem óleo,Leite e derivados,TBCA 7.2
Iogurte grego com frutas integral,Leite e derivados,TBCA 7.2
Iogurte grego simples integral,Leite e derivados,TBCA 7.2
Iogurte integral,Leite e derivados,TBCA 7.2
Iogurte integral com polpa de morango,Leite e derivados,TBCA 7.2
Iogurte integral com salada de frutas,Leite e derivados,TBCA 7.2
Iogurte integral de ameixa,Leite e derivados,TBCA 7.2
Iogurte integral de coco,Leite e derivados,TBCA 7.2
Iogurte integral de maçã,Leite e derivados,TBCA 7.2
Iogurte integral de maracujá,Leite e derivados,TBCA 7.2
Iogurte integral de morango,Leite e derivados,TBCA 7.2
Iogurte integral de pêssego,Leite e derivados,TBCA 7.2
Iogurte natural,Leite e derivados,TBCA 7.2
Iogurte natural com aveia e flocos,Leite e derivados,TBCA 7.2
Iogurte natural com granola caseira,Leite e derivados,TBCA 7.2
Iogurte natural com granola caseira simples,Leite e derivados,TBCA 7.2
Iogurte natural desnatado,Leite e derivados,TBCA 7.2
Iogurte natural desnatado (Vigor),Leite e derivados,TBCA 7.2
Iogurte natural desnatado com aveia em flocos,Leite e derivados,TBCA 7.2
Iogurte natural desnatado com granola caseira,Leite e derivados,TBCA 7.2
Iogurte natural desnatado com granola simples,Leite e derivados,TBCA 7.2
Iogurte natural(Vigor),Leite e derivados,TBCA 7.2
Kefir com leite de vaca integral,Leite e derivados,TBCA 7.2
Leite condensado com açúcar enlatado,Leite e derivados,TBCA 7.2
Leite de búfala integral,Leite e derivados,TBCA 7.2
Leite de cabra desnatado,Leite e derivados,TBCA 7.2
Leite de cabra integral,Leite e derivados,TBCA 7.2
Leite de cabra integral em pó,Leite e derivados,TBCA 7.2
Leite de vaca com café em pó,Leite e derivados,TBCA 7.2
Leite de vaca com chocolate,Leite e derivados,TBCA 7.2
Leite de vaca com chocolate,Leite e derivados,TBCA 7.2
Leite de vaca com chocolate desnatado (Toddynho),Leite e derivados,TBCA 7.2
Leite de vaca com chocolate em pó,Leite e derivados,TBCA 7.2
Leite de vaca desnatado,Leite e derivados,TBCA 7.2
Leite de vaca desnatado em pó,Leite e derivados,TBCA 7.2
Leite de vaca desnatado UHT (Vigor),Leite e derivados,TBCA 7.2
Leite de vaca fermentado,Leite e derivados,TBCA 7.2
Leite de vaca integral em pó,Leite e derivados,TBCA 7.2
Leite de vaca integral em pó (Ninho),Leite e derivados,TBCA 7.2
Leite de vaca integral em pó enriquecido com vitaminas A e E,Leite e derivados,TBCA 7.2
Leite de vaca integral fluído,Leite e derivados,TBCA 7.2
Leite de vaca integral instantâneo em pó (Ninho),Leite e derivados,TBCA 7.2
Leite de vaca integral orgânico,Leite e derivados,TBCA 7.2
Leite de vaca integral UHT,Leite e derivados,TBCA 7.2
Leite de vaca semidesnatado UHT,Leite e derivados,TBCA 7.2
Leite humano,Leite e derivados,TBCA 7.2
Leite humano colostro,Leite e derivados,TBCA 7.2
Leite Nan Comfort 2 reconstituído sem açúcar,Leite e derivados,TBCA 7.2
Leite Nestogeno 1 reconstituído sem açúcar,Leite e derivados,TBCA 7.2
Manjar de coco em pó preparado,Leite e derivados,TBCA 7.2
Manteiga de garrafa artesanal,Leite e derivados,TBCA 7.2
Mingau com farinha de trigo e açúcar,Leite e derivados,TBCA 7.2
Mingau com fubá e açúcar,Leite e derivados,TBCA 7.2
Mingau com tapioca e açúcar,Leite e derivados,TBCA 7.2
Mingau de amido de milho (maisena),Leite e derivados,TBCA 7.2
Mingau de amido de milho (maisena) com banana,Leite e derivados,TBCA 7.2
Mingau de aveia,Leite e derivados,TBCA 7.2
Mingau de farinha de cereais com leite integral,Leite e derivados,TBCA 7.2
Mingau de farinha láctea com leite integral,Leite e derivados,TBCA 7.2
Molho branco (molho bechamel) sem sal,Leite e derivados,TBCA 7.2
Molho branco com sal,Leite e derivados,TBCA 7.2
Molho branco com sal,Leite e derivados,TBCA 7.2
Molho de iogurte para salada com sal,Leite e derivados,TBCA 7.2
Mousse de camarão,Leite e derivados,TBCA 7.2
Mousse de peixe,Leite e derivados,TBCA 7.2
Mousse de salmão,Leite e derivados,TBCA 7.2
Patê de cebola caseiro,Leite e derivados,TBCA 7.2
Patê de ervas caseiro,Leite e derivados,TBCA 7.2
Patê de pistache caseiro,Leite e derivados,TBCA 7.2
Pudim de leite,Leite e derivados,TBCA 7.2
Pudim de pão,Leite e derivados,TBCA 7.2
Pudim de sorvete,Leite e derivados,TBCA 7.2
Pudim Floresta Negra caseiro,Leite e derivados,TBCA 7.2
Queijo cheddar,Leite e derivados,TBCA 7.2
Queijo coalho,Leite e derivados,TBCA 7.2
Queijo fundido,Leite e derivados,TBCA 7.2
Queijo gorgonzola,Leite e derivados,TBCA 7.2
Queijo gouda,Leite e derivados,TBCA 7.2
Queijo minas frescal,Leite e derivados,TBCA 7.2
Queijo minas padrão,Leite e derivados,TBCA 7.2
Queijo minas padrão (Teixeira),Leite e derivados,TBCA 7.2
Queijo minas tipo parmesão,Leite e derivados,TBCA 7.2
Queijo muçarela,Leite e derivados,TBCA 7.2
Queijo muçarela de leite de vaca e búfala,Leite e derivados,TBCA 7.2
Queijo parmesão ralado (Teixeira),Leite e derivados,TBCA 7.2
Queijo pasteurizado,Leite e derivados,TBCA 7.2
Queijo pasteurizado (média de diferentes amostras),Leite e derivados,TBCA 7.2
Queijo petit suisse sabor morango,Leite e derivados,TBCA 7.2
Queijo prato,Leite e derivados,TBCA 7.2
Queijo provolone,Leite e derivados,TBCA 7.2
Queijo tilsit,Leite e derivados,TBCA 7.2
Requeijão,Leite e derivados,TBCA 7.2
Requeijão (Danubio),Leite e derivados,TBCA 7.2
Requeijão (Vigor),Leite e derivados,TBCA 7.2
Requeijão caseiro com sal,Leite e derivados,TBCA 7.2
Requeijão com queijo cheddar,Leite e derivados,TBCA 7.2
Requeijão do norte (queijo de manteiga),Leite e derivados,TBCA 7.2
Ricota,Leite e derivados,TBCA 7.2
Vitamina de leite de vaca integral com abacate,Leite e derivados,TBCA 7.2
Vitamina de leite de vaca integral com abacate e açúcar,Leite e derivados,TBCA 7.2
Vitamina de leite de vaca integral com banana,Leite e derivados,TBCA 7.2
Vitamina de leite de vaca integral com banana e açúcar,Leite e derivados,TBCA 7.2
Vitamina de leite de vaca integral com banana e aveia,Leite e derivados,TBCA 7.2
"Vitamina de leite de vaca integral com banana, aveia e açúcar",Leite e derivados,TBCA 7.2
"Vitamina de leite de vaca integral com banana, mamão e maçã",Leite e derivados,TBCA 7.2
"Vitamina de leite de vaca integral com banana, mamão, maçã e aveia em flocos",Leite e derivados,TBCA 7.2
"Vitamina de leite de vaca integral com banana, mamão, maçã, aveia em flocos e açúcar",Leite e derivados,TBCA 7.2
"Vitamina de leite de vaca integral com banana, mamão, maçã, e açúcar",Leite e derivados,TBCA 7.2
Vitamina de leite de vaca integral com goiaba e açúcar,Leite e derivados,TBCA 7.2
Vitamina de leite de vaca integral com maçã,Leite e derivados,TBCA 7.2
Vitamina de leite de vaca integral com maçã e açúcar,Leite e derivados,TBCA 7.2
Vitamina de leite de vaca integral com mamão e açúcar,Leite e derivados,TBCA 7.2
Vitamina de leite de vaca integral com mamão sem açúcar,Leite e derivados,TBCA 7.2
Vitamina de leite de vaca integral com manga,Leite e derivados,TBCA 7.2
Vitamina de leite de vaca integral com manga e açúcar,Leite e derivados,TBCA 7.2
Vitamina de leite de vaca integral com morango,Leite e derivados,TBCA 7.2
Vitamina de leite de vaca integral om morango e açúcar,Leite e derivados,TBCA 7.2
Iogurte tradicional morango líquido (Frimesa),Leite e derivados,Tucunduva
Café descafeinado torrado moído,Miscelânea,TBCA
Café solúvel em pó,Miscelânea,TBCA
Café torrado em pó,Miscelânea,TBCA
Caldo de carne em tablete,Miscelânea,TBCA
Caldo de carne em tablete (Maggi),Miscelânea,TBCA
Caldo de carne/galinha em tablete,Miscelânea,TBCA
Caldo de galinha em tablete,Miscelânea,TBCA
Caldo de galinha em tablete (Maggi),Miscelânea,TBCA
Curry em pó,Miscelânea,TBCA
Extrato de baunilha,Miscelânea,TBCA
Fermento biológico de levedura em tablete,Miscelânea,TBCA
Fermento químico em pó,Miscelânea,TBCA
Filé de anchova fresco,Miscelânea,TBCA
Flor de sal,Miscelânea,TBCA
Guaraná em pó,Miscelânea,TBCA
Molho agridoce,Miscelânea,TBCA
Molho aurora,Miscelânea,TBCA
Molho aurora com sal,Miscelânea,TBCA
Molho barbecue,Miscelânea,TBCA
Molho caesar caseiro com sal,Miscelânea,TBCA
Molho caipira caseiro,Miscelânea,TBCA
Molho catchup,Miscelânea,TBCA
Molho de alho,Miscelânea,TBCA
Molho de ervas com sal caseiro,Miscelânea,TBCA
Molho de hortelã com sal caseiro,Miscelânea,TBCA
Molho de iogurte picante caseiro,Miscelânea,TBCA
Molho de iogurte picante com sal caseiro,Miscelânea,TBCA
Molho de mostarda,Miscelânea,TBCA
Molho de mostarda caseiro,Miscelânea,TBCA
Molho de mostarda caseiro com sal,Miscelânea,TBCA
Molho de pimenta,Miscelânea,TBCA
Molho de pimenta tabasco,Miscelânea,TBCA
Molho de salada oriental,Miscelânea,TBCA
Molho de salada oriental com sal,Miscelânea,TBCA
Molho holandês caseiro,Miscelânea,TBCA
Molho holandês com sal caseiro,Miscelânea,TBCA
Molho inglês,Miscelânea,TBCA
Molho inglês (Kenko),Miscelânea,TBCA
Molho Italiano,Miscelânea,TBCA
Molho para carne roti,Miscelânea,TBCA
Molho para carne roti com sal,Miscelânea,TBCA
Molho para salada com suco de limão caseiro e sal,Miscelânea,TBCA
"Molho para salada com suco de limão, alecrim caseiro e sal",Miscelânea,TBCA
Molho para salada com vinagre de maçã caseiro e sal,Miscelânea,TBCA
Molho para salada de mostarda e mel caseiro com sal,Miscelânea,TBCA
Molho parmesâo,Miscelânea,TBCA
Molho pesto,Miscelânea,TBCA
Molho pesto com sal,Miscelânea,TBCA
Molho rose,Miscelânea,TBCA
Molho rosê caseiro com sal,Miscelânea,TBCA
Molho tártaro com sal caseiro,Miscelânea,TBCA
Molho teryaki,Miscelânea,TBCA
Sal dietético,Miscelânea,TBCA
Sal grosso,Miscelânea,TBCA
Sal refinado,Miscelânea,TBCA
Sal rosa do Himalaia,Miscelânea,TBCA
Tempero à base de sal,Miscelânea,TBCA
Vinagre balsâmico,Miscelânea,TBCA
Vinagre de arroz,Miscelânea,TBCA
Vinagre de maçã,Miscelânea,TBCA
Xarope de frutas,Miscelânea,TBCA
"Azeitona, preta, conserva",Miscelâneas,TACO
"Azeitona, verde, conserva",Miscelâneas,TACO
"Café, pó, torrado",Miscelâneas,TACO
"Capuccino, pó",Miscelâneas,TACO
"Chantilly, spray, com gordura vegetal",Miscelâneas,TACO
"Fermento em pó, químico",Miscelâneas,TACO
"Fermento, biológico, levedura, tablete",Miscelâneas,TACO
"Gelatina, sabores variados, pó",Miscelâneas,TACO
"Leite, de coco",Miscelâneas,TACO
Shoyu,Miscelâneas,TACO
Tempero a base de sal,Miscelâneas,TACO
Amendoim japonês caseiro,Miscelâneas,TBCA 7.2
Amendoim tipo ovinhos assado,Miscelâneas,TBCA 7.2
Amendoim tipo ovinhos frito,Miscelâneas,TBCA 7.2
Café coado descafeinado torrado e moído,Miscelâneas,TBCA 7.2
Café solúvel em pó,Miscelâneas,TBCA 7.2
Café torrado em pó,Miscelâneas,TBCA 7.2
Caldo de carne em tablete,Miscelâneas,TBCA 7.2
Caldo de carne em tablete (Maggi),Miscelâneas,TBCA 7.2
Caldo de carne/galinha em tablete,Miscelâneas,TBCA 7.2
Caldo de galinha em tablete,Miscelâneas,TBCA 7.2
Caldo de galinha em tablete (Maggi),Miscelâneas,TBCA 7.2
Catchup,Miscelâneas,TBCA 7.2
Curry em pó,Miscelâneas,TBCA 7.2
Ervilha em vagem à milanesa com sal,Miscelâneas,TBCA 7.2
Ervilha em vagem à milanesa sem sal,Miscelâneas,TBCA 7.2
Extrato de baunilha,Miscelâneas,TBCA 7.2
Farelo de soja,Miscelâneas,TBCA 7.2
Fermento biológico de levedura em tablete,Miscelâneas,TBCA 7.2
Fermento químico em pó,Miscelâneas,TBCA 7.2
Flor de sal,Miscelâneas,TBCA 7.2
Guaraná em pó,Miscelâneas,TBCA 7.2
Lacnhe brasileiro - Biscoio maisena com café com açúcar,Miscelâneas,TBCA 7.2
"Lanche brasileiro  pão francês, com margarina com sal e café com açúcar",Miscelâneas,TBCA 7.2
Lanche brasileiro - bolo de trigo com café com açúcar,Miscelâneas,TBCA 7.2
Lanche brasileiro - leite integral com biscoito de maisena,Miscelâneas,TBCA 7.2
Lanche brasileiro - leite integral com pão francês,Miscelâneas,TBCA 7.2
Molho agridoce (Kenko),Miscelâneas,TBCA 7.2
Molho aurora com sal,Miscelâneas,TBCA 7.2
Molho aurora sem sal,Miscelâneas,TBCA 7.2
Molho barbecue (Kenko),Miscelâneas,TBCA 7.2
Molho branco vegano sem sal,Miscelâneas,TBCA 7.2
Molho caipira caseiro,Miscelâneas,TBCA 7.2
Molho de alho (Kenko),Miscelâneas,TBCA 7.2
Molho de ervas caseiro com sal,Miscelâneas,TBCA 7.2
Molho de hortelã caseiro com sal,Miscelâneas,TBCA 7.2
Molho de iogurte picante com sal caseiro,Miscelâneas,TBCA 7.2
Molho de iogurte picante sem sal caseiro,Miscelâneas,TBCA 7.2
Molho de mostarda,Miscelâneas,TBCA 7.2
Molho de mostarda caseiro com sal,Miscelâneas,TBCA 7.2
Molho de mostarda caseiro sem sal,Miscelâneas,TBCA 7.2
Molho de pimenta (Kenko),Miscelâneas,TBCA 7.2
Molho de pimenta tabasco,Miscelâneas,TBCA 7.2
Molho de salada oriental com sal,Miscelâneas,TBCA 7.2
Molho de salada oriental sem sal,Miscelâneas,TBCA 7.2
Molho holandês com sal caseiro,Miscelâneas,TBCA 7.2
Molho holandês sem sal caseiro,Miscelâneas,TBCA 7.2
Molho inglês,Miscelâneas,TBCA 7.2
Molho inglês (Kenko),Miscelâneas,TBCA 7.2
Molho Italian (Kenko),Miscelâneas,TBCA 7.2
Molho Italian (Kenko),Miscelâneas,TBCA 7.2
Molho para salada caesar caseiro com sal,Miscelâneas,TBCA 7.2
Molho para salada caseiro com sal,Miscelâneas,TBCA 7.2
"Molho para salada caseiro com suco de limão, alecrim e sal",Miscelâneas,TBCA 7.2
Molho para salada caseiro com vinagre de maçã e sal,Miscelâneas,TBCA 7.2
"Molho para salada caseiro coom mostarda, mel e sal",Miscelâneas,TBCA 7.2
Molho para salada caserio com suco de limão e sal,Miscelâneas,TBCA 7.2
Molho parmesan (Kenko),Miscelâneas,TBCA 7.2
Molho pesto com sal,Miscelâneas,TBCA 7.2
Molho pesto sem sal,Miscelâneas,TBCA 7.2
Molho rose (Kenko),Miscelâneas,TBCA 7.2
Molho rosê caseiro com sal,Miscelâneas,TBCA 7.2
Molho roti para carne com sal,Miscelâneas,TBCA 7.2
Molho roti para carne sem sal,Miscelâneas,TBCA 7.2
Molho tártaro com sal caseiro,Miscelâneas,TBCA 7.2
Molho teriyaki,Miscelâneas,TBCA 7.2
Nachos Taco Bell,Miscelâneas,TBCA 7.2
Pasta de amendoim integral,Miscelâneas,TBCA 7.2
Picadinho de carne de soja com sal,Miscelâneas,TBCA 7.2
Picadinho de carne de soja sem sal,Miscelâneas,TBCA 7.2
Quibe de proteína de soja com sal,Miscelâneas,TBCA 7.2
Quibe de proteína de soja sem sal,Miscelâneas,TBCA 7.2
Sal dietético,Miscelâneas,TBCA 7.2
Sal grosso,Miscelâneas,TBCA 7.2
Sal refinado,Miscelâneas,TBCA 7.2
Sal rosa do Himalaia,Miscelâneas,TBCA 7.2
Sundae de caramelo (McDonalds),Miscelâneas,TBCA 7.2
Sundae de chocolate (McDonalds),Miscelâneas,TBCA 7.2
Sundae de morango (McDonalds),Miscelâneas,TBCA 7.2
Tempero à base de sal,Miscelâneas,TBCA 7.2
Vinagre balsâmico,Miscelâneas,TBCA 7.2
Vinagre de arroz,Miscelâneas,TBCA 7.2
Vinagre de maçã,Miscelâneas,TBCA 7.2
Xarope de frutas,Miscelâneas,TBCA 7.2
"Omelete, de queijo",Ovos e derivados,TACO
"Ovo, de codorna, inteiro, cru",Ovos e derivados,TACO
"Ovo, de galinha, clara, cozida/10minutos",Ovos e derivados,TACO
"Ovo, de galinha, gema, cozida/10minutos",Ovos e derivados,TACO
"Ovo, de galinha, inteiro, cozido/10minutos",Ovos e derivados,TACO
"Ovo, de galinha, inteiro, cru",Ovos e derivados,TACO
"Ovo, de galinha, inteiro, frito",Ovos e derivados,TACO
Clara de ovo cozida,Ovos e derivados,TBCA
Clara de ovo cozida com sal,Ovos e derivados,TBCA
Clara de ovo crua,Ovos e derivados,TBCA
Clara de ovo de codorna crua,Ovos e derivados,TBCA
Clara de ovo de pata crua,Ovos e derivados,TBCA
Clara de ovo desidratada pasteurizada,Ovos e derivados,TBCA
Gema de ovo cozida,Ovos e derivados,TBCA
Gema de ovo cozida com sal,Ovos e derivados,TBCA
Gema de ovo crua,Ovos e derivados,TBCA
Gema de ovo de codorna crua,Ovos e derivados,TBCA
Gema de ovo de pata crua,Ovos e derivados,TBCA
Gema de ovo desidratada pasteurizada,Ovos e derivados,TBCA
Omelete com carne,Ovos e derivados,TBCA
Omelete com carne e cogumelo paris com sal,Ovos e derivados,TBCA
Omelete com carne e sal,Ovos e derivados,TBCA
"Omelete com couve-flor e tomate com queijo muçarela, salsinha, cebolinha e óleo",Ovos e derivados,TBCA
"Omelete com couve-flor e tomate com queijo muçarela, salsinha, cebolinha, óleo e sal",Ovos e derivados,TBCA
"Omelete com espinafre, queijo muçarela, salsinha, cebolinha e óleo",Ovos e derivados,TBCA
"Omelete com espinafre, queijo muçarela, salsinha, cebolinha, óleo e sal",Ovos e derivados,TBCA
Omelete com frios e sal,Ovos e derivados,TBCA
Omelete com queijo muçarela,Ovos e derivados,TBCA
Omelete com queijo muçarela e sal,Ovos e derivados,TBCA
Omelete com queijo parmesão,Ovos e derivados,TBCA
Omelete com queijo parmesão e sal,Ovos e derivados,TBCA
Omelete com vegetais,Ovos e derivados,TBCA
Omelete com vegetais e queijo parmesão,Ovos e derivados,TBCA
Omelete com vegetais e sal,Ovos e derivados,TBCA
"Omelete com vegetais, frios e sal",Ovos e derivados,TBCA
"Omelete com vegetais, queijo parmesão e sal",Ovos e derivados,TBCA
Ovo de codorna cozido,Ovos e derivados,TBCA
Ovo de codorna cozido com sal,Ovos e derivados,TBCA
Ovo de codorna cru,Ovos e derivados,TBCA
Ovo de galinha cozido,Ovos e derivados,TBCA
Ovo de galinha cozido com sal,Ovos e derivados,TBCA
Ovo de galinha cru,Ovos e derivados,TBCA
Ovo de galinha cru,Ovos e derivados,TBCA
Ovo de galinha desidratado pasteurizado,Ovos e derivados,TBCA
Ovo de galinha frito,Ovos e derivados,TBCA
Ovo de galinha frito com sal,Ovos e derivados,TBCA
Ovo de galinha mexido com margarina,Ovos e derivados,TBCA
Ovo de galinha mexido com margarina e sal,Ovos e derivados,TBCA
Ovo de galinha orgânico cru,Ovos e derivados,TBCA
Ovo de galinha semi orgânico cru,Ovos e derivados,TBCA
Ovo de galinha vermelho cru,Ovos e derivados,TBCA
Ovo de pata cru,Ovos e derivados,TBCA
Ovos Benedict com lombo canadense,Ovos e derivados,TBCA
Ovos Benedict com lombo canadense e sal,Ovos e derivados,TBCA
Ovos Benedict com presunto,Ovos e derivados,TBCA
Ovos Benedict com presunto e sal,Ovos e derivados,TBCA
Tortilha,Ovos e derivados,TBCA
Tortilha com sal,Ovos e derivados,TBCA
Clara de ovo de codorna crua,Ovos e derivados,TBCA 7.2
Clara de ovo de galinha cozida por 10 minutos com sal,Ovos e derivados,TBCA 7.2
Clara de ovo de galinha cozida por 10 minutos sem sal,Ovos e derivados,TBCA 7.2
Clara de ovo de galinha crua,Ovos e derivados,TBCA 7.2
Clara de ovo de galinha desidratada e pasteurizada,Ovos e derivados,TBCA 7.2
Clara de ovo de pata crua,Ovos e derivados,TBCA 7.2
Gema de ovo de codorna crua,Ovos e derivados,TBCA 7.2
Gema de ovo de galinha cozida por 10 minutos com sal,Ovos e derivados,TBCA 7.2
Gema de ovo de galinha cozida por 10 minutos sem sal,Ovos e derivados,TBCA 7.2
Gema de ovo de galinha crua,Ovos e derivados,TBCA 7.2
Gema de ovo de galinha desidratada e pasteurizada,Ovos e derivados,TBCA 7.2
Gema de pata crua,Ovos e derivados,TBCA 7.2
Omelete com carne bovina e cogumelo paris com sal,Ovos e derivados,TBCA 7.2
Omelete com carne bovina e sal,Ovos e derivados,TBCA 7.2
Omelete com carne bovina sem sal,Ovos e derivados,TBCA 7.2
"Omelete com couve-flor e tomate, queijo muçarela, salsinha e cebolinha com óleo, cebola e sal",Ovos e derivados,TBCA 7.2
"Omelete com couve-flor, tomate, queijo muçarela, salsinha e cebolinha com óleo e cebola",Ovos e derivados,TBCA 7.2
"Omelete com espinafre, queijo muçarela, salsinha e cebolinha com óleo e cebola",Ovos e derivados,TBCA 7.2
"Omelete com espinafre, queijo muçarela, salsinha e cebolinha com óleo, cebola e sal",Ovos e derivados,TBCA 7.2
Omelete com frios e sal,Ovos e derivados,TBCA 7.2
Omelete com ovo de galinha e queijo parmesão,Ovos e derivados,TBCA 7.2
Omelete com queijo parmesão e sal,Ovos e derivados,TBCA 7.2
Omelete com vegetais e frios com sal,Ovos e derivados,TBCA 7.2
Omelete com vegetais e queijo parmesão com sal,Ovos e derivados,TBCA 7.2
Omelete com vegetais e queijo parmesão sem sal,Ovos e derivados,TBCA 7.2
Omelete com vegetais e sal,Ovos e derivados,TBCA 7.2
Omelete com vegetais e sal,Ovos e derivados,TBCA 7.2
Omelete como ovo de galinha e queijo muçarela,Ovos e derivados,TBCA 7.2
Omelete comovo de galinha e queijo muçarela com sal,Ovos e derivados,TBCA 7.2
Omelete de vegetais sem sal,Ovos e derivados,TBCA 7.2
Ovo de codorna cozido com sal,Ovos e derivados,TBCA 7.2
Ovo de codorna cozido sem sal,Ovos e derivados,TBCA 7.2
Ovo de galinha branco cru,Ovos e derivados,TBCA 7.2
Ovo de galinha cozido com sal,Ovos e derivados,TBCA 7.2
Ovo de galinha cozido sem sal,Ovos e derivados,TBCA 7.2
Ovo de galinha cru,Ovos e derivados,TBCA 7.2
Ovo de galinha frito com sal,Ovos e derivados,TBCA 7.2
Ovo de galinha frtio sem sal,Ovos e derivados,TBCA 7.2
Ovo de galinha integral desidratado pasteurizado,Ovos e derivados,TBCA 7.2
Ovo de galinha mexido com margarina e sal,Ovos e derivados,TBCA 7.2
Ovo de galinha mexido com margarina sem sal,Ovos e derivados,TBCA 7.2
Ovo de galinha orgânico cru,Ovos e derivados,TBCA 7.2
Ovo de galinha semi-orgânico cru,Ovos e derivados,TBCA 7.2
Ovo de galinha vermelho cru,Ovos e derivados,TBCA 7.2
Ovo de pata cru,Ovos e derivados,TBCA 7.2
Ovos Benedict com pão de forma integral e lombo canadense com sal,Ovos e derivados,TBCA 7.2
Ovos Benedict com pão de forma integral e lombo canadense sem sal,Ovos e derivados,TBCA 7.2
Ovos Benedict com pão de forma integral e presunto com sal,Ovos e derivados,TBCA 7.2
Ovos Benedict com pão de forma integral e presunto sem sal,Ovos e derivados,TBCA 7.2
Ovos Benedict com pão de forma tradicional e lombo canadense com sal,Ovos e derivados,TBCA 7.2
Ovos Benedict com pão de forma tradicional e presunto com sal,Ovos e derivados,TBCA 7.2
Ovos Benedict com pão forma tradicional e presunto sem sal,Ovos e derivados,TBCA 7.2
Ovos Benedict com pão tradicional e lombo canadense sem sal,Ovos e derivados,TBCA 7.2
Tortilha com sal,Ovos e derivados,TBCA 7.2
Tortilha sem sal,Ovos e derivados,TBCA 7.2
Filé de peixe frito,Pescados e frutos do mar,TBCA
Filé de peixe frito com sal,Pescados e frutos do mar,TBCA
"Abadejo, filé, congelado, assado",Pescados e Frutos do mar,TACO
"Abadejo, filé, congelado, cru",Pescados e Frutos do mar,TACO
"Abadejo, filé, congelado, grelhado",Pescados e Frutos do mar,TACO
"Abadejo, filé, congelado,cozido",Pescados e Frutos do mar,TACO
"Atum, conserva em óleo",Pescados e Frutos do mar,TACO
"Atum, fresco, cru",Pescados e Frutos do mar,TACO
"Bacalhau, salgado, cru",Pescados e Frutos do mar,TACO
"Bacalhau, salgado, refogado",Pescados e Frutos do mar,TACO
"Cação, posta, com farinha de trigo, frita",Pescados e Frutos do mar,TACO
"Cação, posta, cozida",Pescados e Frutos do mar,TACO
"Cação, posta, crua",Pescados e Frutos do mar,TACO
"Camarão, Rio Grande, grande, cozido",Pescados e Frutos do mar,TACO
"Camarão, Rio Grande, grande, cru",Pescados e Frutos do mar,TACO
"Camarão, Sete Barbas, sem cabeça, com casca, frito",Pescados e Frutos do mar,TACO
"Caranguejo, cozido",Pescados e Frutos do mar,TACO
"Corimba, cru",Pescados e Frutos do mar,TACO
"Corimbatá, assado",Pescados e Frutos do mar,TACO
"Corimbatá, cozido",Pescados e Frutos do mar,TACO
"Corvina de água doce, crua",Pescados e Frutos do mar,TACO
"Corvina do mar, crua",Pescados e Frutos do mar,TACO
"Corvina grande, assada",Pescados e Frutos do mar,TACO
"Corvina grande, cozida",Pescados e Frutos do mar,TACO
"Dourada de água doce, fresca",Pescados e Frutos do mar,TACO
"Lambari, congelado, cru",Pescados e Frutos do mar,TACO
"Lambari, congelado, frito",Pescados e Frutos do mar,TACO
"Lambari, fresco, cru",Pescados e Frutos do mar,TACO
"Manjuba, com farinha de trigo, frita",Pescados e Frutos do mar,TACO
"Manjuba, frita",Pescados e Frutos do mar,TACO
"Merluza, filé, assado",Pescados e Frutos do mar,TACO
"Merluza, filé, cru",Pescados e Frutos do mar,TACO
"Merluza, filé, frito",Pescados e Frutos do mar,TACO
"Pescada, branca, crua",Pescados e Frutos do mar,TACO
"Pescada, branca, frita",Pescados e Frutos do mar,TACO
"Pescada, filé, com farinha de trigo, frito",Pescados e Frutos do mar,TACO
"Pescada, filé, cru",Pescados e Frutos do mar,TACO
"Pescada, filé, frito",Pescados e Frutos do mar,TACO
"Pescada, filé, molho escabeche",Pescados e Frutos do mar,TACO
"Pescadinha, crua",Pescados e Frutos do mar,TACO
"Pintado, assado",Pescados e Frutos do mar,TACO
"Pintado, cru",Pescados e Frutos do mar,TACO
"Pintado, grelhado",Pescados e Frutos do mar,TACO
"Porquinho, cru",Pescados e Frutos do mar,TACO
"Salmão, filé, com pele, fresco,  grelhado",Pescados e Frutos do mar,TACO
"Salmão, sem pele, fresco, cru",Pescados e Frutos do mar,TACO
"Salmão, sem pele, fresco, grelhado",Pescados e Frutos do mar,TACO
"Sardinha, assada",Pescados e Frutos do mar,TACO
"Sardinha, conserva em óleo",Pescados e Frutos do mar,TACO
"Sardinha, frita",Pescados e Frutos do mar,TACO
"Sardinha, inteira, crua",Pescados e Frutos do mar,TACO
"Tucunaré, filé, congelado, cru",Pescados e Frutos do mar,TACO
Atum à milanesa frito,Pescados e Frutos do mar,TBCA
Atum à milanesa frito com sal,Pescados e Frutos do mar,TBCA
Atum assado/grelhado,Pescados e Frutos do mar,TBCA
Atum assado/grelhado com sal,Pescados e Frutos do mar,TBCA
Atum cozido,Pescados e Frutos do mar,TBCA
Atum cozido ao molho branco,Pescados e Frutos do mar,TBCA
Atum cozido com sal,Pescados e Frutos do mar,TBCA
Atum cru,Pescados e Frutos do mar,TBCA
Atum em conserva em óleo,Pescados e Frutos do mar,TBCA
Atum frito,Pescados e Frutos do mar,TBCA
Atum frito com sal,Pescados e Frutos do mar,TBCA
Atum ralado em conserva em óleo,Pescados e Frutos do mar,TBCA
Atum sólido em conserva em óleo,Pescados e Frutos do mar,TBCA
Atum sólido em conserva em óleo,Pescados e Frutos do mar,TBCA
Bacalhau dessalgado cozido,Pescados e Frutos do mar,TBCA
Bacalhau dessalgado refogado,Pescados e Frutos do mar,TBCA
Bacalhau salgado cru,Pescados e Frutos do mar,TBCA
Bacalhoada com vegetais e sal,Pescados e Frutos do mar,TBCA
Bolinho de bacalhau caseiro frito,Pescados e Frutos do mar,TBCA
Bolinho de peixe caseiro frito,Pescados e Frutos do mar,TBCA
Cação à milanesa frito,Pescados e Frutos do mar,TBCA
Cação à milanesa frito com sal,Pescados e Frutos do mar,TBCA
Cação cru,Pescados e Frutos do mar,TBCA
Cação cru,Pescados e Frutos do mar,TBCA
Cação em posta assado/grelhado com sal,Pescados e Frutos do mar,TBCA
Cação em posta frito com farinha de trigo,Pescados e Frutos do mar,TBCA
Cação frito,Pescados e Frutos do mar,TBCA
Cação frito com sal,Pescados e Frutos do mar,TBCA
Caldeirada de frutos do mar,Pescados e Frutos do mar,TBCA
Caldeirada de frutos do mar com sal,Pescados e Frutos do mar,TBCA
Caldeirada de peixe,Pescados e Frutos do mar,TBCA
Caldeirada de peixe com sal,Pescados e Frutos do mar,TBCA
Caldeirada de peixe e batata,Pescados e Frutos do mar,TBCA
Caldeirada de peixe e batata com sal,Pescados e Frutos do mar,TBCA
Caldeirada de peixe e frutos do mar,Pescados e Frutos do mar,TBCA
Caldeirada de peixe e frutos do mar com sal,Pescados e Frutos do mar,TBCA
Caldo de camarão,Pescados e Frutos do mar,TBCA
Caldo de peixe,Pescados e Frutos do mar,TBCA
Camarão à baiana,Pescados e Frutos do mar,TBCA
Camarão à baiana com sal,Pescados e Frutos do mar,TBCA
Camarão com batata e legumes,Pescados e Frutos do mar,TBCA
"Camarão com batata, legumes e sal",Pescados e Frutos do mar,TBCA
Camarão com chuchu,Pescados e Frutos do mar,TBCA
Camarão com chuchu e sal,Pescados e Frutos do mar,TBCA
Camarão com legumes,Pescados e Frutos do mar,TBCA
Camarão com legumes e sal,Pescados e Frutos do mar,TBCA
Camarão com requeijão,Pescados e Frutos do mar,TBCA
Camarão com requeijão e sal,Pescados e Frutos do mar,TBCA
Camarão na moranga,Pescados e Frutos do mar,TBCA
Camarão na moranga com sal,Pescados e Frutos do mar,TBCA
Camarão pitu,Pescados e Frutos do mar,TBCA
Camarão pitu frito,Pescados e Frutos do mar,TBCA
Camarão sem casca cozido,Pescados e Frutos do mar,TBCA
Camarão sem casca cozido com sal,Pescados e Frutos do mar,TBCA
Camarão sem casca cru,Pescados e Frutos do mar,TBCA
Camarão sem casca preparado,Pescados e Frutos do mar,TBCA
Camarão sem casca preparado com sal,Pescados e Frutos do mar,TBCA
Camarão sem casca refogado,Pescados e Frutos do mar,TBCA
Camarão sem casca refogado com sal,Pescados e Frutos do mar,TBCA
Camarão Sete Barbas com casca frito,Pescados e Frutos do mar,TBCA
Camarão Sete Barbas frito com sal,Pescados e Frutos do mar,TBCA
Caranguejo cozido,Pescados e Frutos do mar,TBCA
Caranguejo cozido com sal,Pescados e Frutos do mar,TBCA
Caranguejo cru,Pescados e Frutos do mar,TBCA
Caruru (camarão com quiabo),Pescados e Frutos do mar,TBCA
Casquinha de camarão,Pescados e Frutos do mar,TBCA
Casquinha de camarão com sal,Pescados e Frutos do mar,TBCA
Casquinha de caranguejo,Pescados e Frutos do mar,TBCA
Casquinha de caranguejo com sal,Pescados e Frutos do mar,TBCA
Casquinha de frutos do mar,Pescados e Frutos do mar,TBCA
Casquinha de frutos do mar com sal,Pescados e Frutos do mar,TBCA
Casquinha de marisco,Pescados e Frutos do mar,TBCA
Casquinha de marisco com sal,Pescados e Frutos do mar,TBCA
Casquinha de siri,Pescados e Frutos do mar,TBCA
Casquinha de siri com sal,Pescados e Frutos do mar,TBCA
Cavalinha à escabeche,Pescados e Frutos do mar,TBCA
Caviar,Pescados e Frutos do mar,TBCA
Cestinha de camarão com massa de pastel frita com sal,Pescados e Frutos do mar,TBCA
Cestinha de camarão com massa filo assada com manteiga e sal,Pescados e Frutos do mar,TBCA
Cestinha de camarão com queijo parmesão tostado e sal,Pescados e Frutos do mar,TBCA
Cestinha de frutos do mar com massa de pastel frita com sal,Pescados e Frutos do mar,TBCA
Cestinha de frutos do mar com massa filo assada com manteiga e sal,Pescados e Frutos do mar,TBCA
Cestinha de frutos do mar com queijo parmesão tostado e sal,Pescados e Frutos do mar,TBCA
Ceviche de corvina,Pescados e Frutos do mar,TBCA
Ceviche de corvina com sal,Pescados e Frutos do mar,TBCA
Ceviche de frutos do ma,Pescados e Frutos do mar,TBCA
Ceviche de frutos do mar com atum cru e frutos do mar cozidos com sal,Pescados e Frutos do mar,TBCA
Ceviche de frutos do mar com pescada crua e frutos do mar cozidos,Pescados e Frutos do mar,TBCA
Ceviche de frutos do mar com pescada crua e frutos do mar cozidos com sal,Pescados e Frutos do mar,TBCA
Ceviche de frutos do mar com salmão cru e frutos do mar cozidos,Pescados e Frutos do mar,TBCA
Ceviche de frutos do mar com salmão cru e frutos do mar cozidos com sal,Pescados e Frutos do mar,TBCA
Ceviche de pescada,Pescados e Frutos do mar,TBCA
Ceviche de pescada com sal,Pescados e Frutos do mar,TBCA
Corimba cozido,Pescados e Frutos do mar,TBCA
Corimba cozido com sal,Pescados e Frutos do mar,TBCA
Corimba cru,Pescados e Frutos do mar,TBCA
Corimba/curimatã inteiro cru,Pescados e Frutos do mar,TBCA
Corimbatá assado,Pescados e Frutos do mar,TBCA
Corimbatá cozido,Pescados e Frutos do mar,TBCA
Corvina assada,Pescados e Frutos do mar,TBCA
Corvina cozida,Pescados e Frutos do mar,TBCA
Corvina cozido,Pescados e Frutos do mar,TBCA
Corvina cozido com sal,Pescados e Frutos do mar,TBCA
Corvina crua,Pescados e Frutos do mar,TBCA
Corvina de água doce cru,Pescados e Frutos do mar,TBCA
Corvina do mar à milanesa frita,Pescados e Frutos do mar,TBCA
Corvina do mar à milanesa frita com sal,Pescados e Frutos do mar,TBCA
Corvina do mar assada/grelhada com sal,Pescados e Frutos do mar,TBCA
Corvina do mar cozida ao molho branco,Pescados e Frutos do mar,TBCA
Corvina do mar cozida com sal,Pescados e Frutos do mar,TBCA
Corvina do mar frita,Pescados e Frutos do mar,TBCA
Corvina do mar frita com sal,Pescados e Frutos do mar,TBCA
Dourado cru,Pescados e Frutos do mar,TBCA
Estrogonofe de camarão com sal,Pescados e Frutos do mar,TBCA
Feijoada de frutos do mar,Pescados e Frutos do mar,TBCA
FIlé de abadejo à milanesa frito,Pescados e Frutos do mar,TBCA
Filé de abadejo à milanesa frito com sal,Pescados e Frutos do mar,TBCA
FIlé de abadejo assado,Pescados e Frutos do mar,TBCA
Filé de abadejo assado com sal,Pescados e Frutos do mar,TBCA
Filé de abadejo congelado cru,Pescados e Frutos do mar,TBCA
Filé de abadejo cozido,Pescados e Frutos do mar,TBCA
Filé de abadejo cozido ao molho branco,Pescados e Frutos do mar,TBCA
Filé de abadejo frito,Pescados e Frutos do mar,TBCA
Filé de abadejo frito com sal,Pescados e Frutos do mar,TBCA
Filé de abadejo grelhado,Pescados e Frutos do mar,TBCA
Filé de anchova conserva em óleo,Pescados e Frutos do mar,TBCA
Filé de anchova defumado,Pescados e Frutos do mar,TBCA
Filé de corimba/curimatã,Pescados e Frutos do mar,TBCA
Filé de dourado cozido,Pescados e Frutos do mar,TBCA
Filé de dourado cozido com sal,Pescados e Frutos do mar,TBCA
FIlé de merluza assado,Pescados e Frutos do mar,TBCA
Filé de merluza cru,Pescados e Frutos do mar,TBCA
Filé de merluza frito,Pescados e Frutos do mar,TBCA
Filé de peixe à milanesa frito,Pescados e Frutos do mar,TBCA
Filé de peixe à milanesa frito com sal,Pescados e Frutos do mar,TBCA
Filé de peixe cozido,Pescados e Frutos do mar,TBCA
Filé de peixe cozido com sal,Pescados e Frutos do mar,TBCA
Filé de peixe cru,Pescados e Frutos do mar,TBCA
Filé de peixe grelhado/assado,Pescados e Frutos do mar,TBCA
Filé de peixe grelhado/assado com sal,Pescados e Frutos do mar,TBCA
Filé de peixe refogado,Pescados e Frutos do mar,TBCA
Filé de peixe refogado com sal,Pescados e Frutos do mar,TBCA
Filé de pescada à escabeche,Pescados e Frutos do mar,TBCA
Filé de pescada crua,Pescados e Frutos do mar,TBCA
Filé de pescada empanada frita,Pescados e Frutos do mar,TBCA
Filé de pescada frita,Pescados e Frutos do mar,TBCA
Filé de salmão com pele grelhado,Pescados e Frutos do mar,TBCA
Filé de salmão sem pele à milanesa frito,Pescados e Frutos do mar,TBCA
Filé de salmão sem pele à milanesa frito com sal,Pescados e Frutos do mar,TBCA
Filé de salmão sem pele assado/grelhado com sal,Pescados e Frutos do mar,TBCA
Filé de salmão sem pele cozido,Pescados e Frutos do mar,TBCA
Filé de salmão sem pele cozido com sal,Pescados e Frutos do mar,TBCA
Filé de salmão sem pele frito,Pescados e Frutos do mar,TBCA
Filé de salmão sem pele frito com sal,Pescados e Frutos do mar,TBCA
Filé de sardinha à milanesa frita com sal,Pescados e Frutos do mar,TBCA
Filé de sardinha à milanesa frito,Pescados e Frutos do mar,TBCA
Filé de sardinha com cebola e louro em conserva (Coqueiro),Pescados e Frutos do mar,TBCA
Filé de sardinha cozido,Pescados e Frutos do mar,TBCA
Filé de sardinha cozido com sal,Pescados e Frutos do mar,TBCA
Filé de sardinha crua,Pescados e Frutos do mar,TBCA
Filé de sardinha em conserva em óleo,Pescados e Frutos do mar,TBCA
Filé de sardinha frito,Pescados e Frutos do mar,TBCA
Filé de sardinha frito com sal,Pescados e Frutos do mar,TBCA
Filé de sardinha no microondas por 10 minutos,Pescados e Frutos do mar,TBCA
Filé de tainha assado por 45 minutos,Pescados e Frutos do mar,TBCA
FIlé de tainha cozido por 30 minutos,Pescados e Frutos do mar,TBCA
FIlé de tainha cru,Pescados e Frutos do mar,TBCA
Filé de tainha preparado no microondas,Pescados e Frutos do mar,TBCA
Filé de tilápia cru,Pescados e Frutos do mar,TBCA
Filé de tucunaré cozido,Pescados e Frutos do mar,TBCA
Filé de tucunaré cozido com sal,Pescados e Frutos do mar,TBCA
Filé de tucunaré cru,Pescados e Frutos do mar,TBCA
Filé/posta de peixe de água salgada à milanesa frito,Pescados e Frutos do mar,TBCA
Filé/posta de peixe de água salgada à milanesa frito com sal,Pescados e Frutos do mar,TBCA
Filé/posta de peixe de água salgada assado/grelhado,Pescados e Frutos do mar,TBCA
Filé/posta de peixe de água salgada assado/grelhado com sal,Pescados e Frutos do mar,TBCA
Filé/posta de peixe de água salgada cozido,Pescados e Frutos do mar,TBCA
Filé/posta de peixe de água salgada cozido com sal,Pescados e Frutos do mar,TBCA
Filé/posta de peixe de água salgada cru,Pescados e Frutos do mar,TBCA
Filé/posta de peixe de água salgada frito,Pescados e Frutos do mar,TBCA
Filé/posta de peixe de água salgada frito com sal,Pescados e Frutos do mar,TBCA
Frigideira de peixe com sal,Pescados e Frutos do mar,TBCA
Frutos do mar ao leite de coco,Pescados e Frutos do mar,TBCA
Frutos do mar ao leite de coco com sal,Pescados e Frutos do mar,TBCA
Frutos do mar com legumes,Pescados e Frutos do mar,TBCA
Frutos do mar com legumes e sal,Pescados e Frutos do mar,TBCA
Hot Filadélfia (Hot Roll),Pescados e Frutos do mar,TBCA
Lagosta cozida,Pescados e Frutos do mar,TBCA
Lagosta cozida com sal,Pescados e Frutos do mar,TBCA
Lagosta crua,Pescados e Frutos do mar,TBCA
Lambari congelado cru,Pescados e Frutos do mar,TBCA
Lambari cozido,Pescados e Frutos do mar,TBCA
Lambari cozido com sal,Pescados e Frutos do mar,TBCA
Lambari cru,Pescados e Frutos do mar,TBCA
Lambari frito,Pescados e Frutos do mar,TBCA
Linguado assado/grelhado com sal,Pescados e Frutos do mar,TBCA
Lula cozida,Pescados e Frutos do mar,TBCA
Lula cozida e frita,Pescados e Frutos do mar,TBCA
Lula cozida e frita com sal,Pescados e Frutos do mar,TBCA
Lula recheada com camarão,Pescados e Frutos do mar,TBCA
Manjuba frita,Pescados e Frutos do mar,TBCA
Manjuba frita com farinha de trigo,Pescados e Frutos do mar,TBCA
Mariscada,Pescados e Frutos do mar,TBCA
Mariscada com sal,Pescados e Frutos do mar,TBCA
Marisco cru,Pescados e Frutos do mar,TBCA
Merluza à milanesa frita,Pescados e Frutos do mar,TBCA
Merluza à milanesa frita com sal,Pescados e Frutos do mar,TBCA
Merluza assada/grelhada com sal,Pescados e Frutos do mar,TBCA
Merluza cozida,Pescados e Frutos do mar,TBCA
Merluza cozida ao molho branco,Pescados e Frutos do mar,TBCA
Merluza cozida com sal,Pescados e Frutos do mar,TBCA
Merluza frita,Pescados e Frutos do mar,TBCA
Merluza frita com sal,Pescados e Frutos do mar,TBCA
Mexilhão cozido,Pescados e Frutos do mar,TBCA
Mexilhão cozido com sal,Pescados e Frutos do mar,TBCA
Mexilhão cru,Pescados e Frutos do mar,TBCA
Mexilhão sururu com leite de coco cozido com sal,Pescados e Frutos do mar,TBCA
Mexilhão sururu cozido com leite de coco,Pescados e Frutos do mar,TBCA
Mexilhão sururu cru,Pescados e Frutos do mar,TBCA
Mexilhão unha de velho cozido com leite de coco,Pescados e Frutos do mar,TBCA
Mexilhão unha de velho cru,Pescados e Frutos do mar,TBCA
Molusco vieira cozido,Pescados e Frutos do mar,TBCA
Moqueca de camarão,Pescados e Frutos do mar,TBCA
Moqueca de camarão com sal,Pescados e Frutos do mar,TBCA
Moqueca de frutos do mar,Pescados e Frutos do mar,TBCA
Moqueca de frutos do mar com sal,Pescados e Frutos do mar,TBCA
Moqueca de lagosta,Pescados e Frutos do mar,TBCA
Moqueca de lagosta com sal,Pescados e Frutos do mar,TBCA
Moqueca de peixe baiana com sal,Pescados e Frutos do mar,TBCA
Moqueca de peixe capixaba com sal,Pescados e Frutos do mar,TBCA
Mujica/mojica a cuiabana (peixe com mandioca),Pescados e Frutos do mar,TBCA
Mujica/mojica de peixe (pirão de peixe),Pescados e Frutos do mar,TBCA
Músculo de lula cru,Pescados e Frutos do mar,TBCA
Ostra cozida,Pescados e Frutos do mar,TBCA
Ostra cozida com sal,Pescados e Frutos do mar,TBCA
Ostra cru,Pescados e Frutos do mar,TBCA
Paella de frutos do mar,Pescados e Frutos do mar,TBCA
Paella de frutos do mar com sal,Pescados e Frutos do mar,TBCA
Paella valenciana,Pescados e Frutos do mar,TBCA
Paella valenciana com sal,Pescados e Frutos do mar,TBCA
Peixe à parmegiana,Pescados e Frutos do mar,TBCA
Peixe porquinho à milanesa frito,Pescados e Frutos do mar,TBCA
Peixe porquinho à milanesa frito com sal,Pescados e Frutos do mar,TBCA
Peixe porquinho assado/grelhado,Pescados e Frutos do mar,TBCA
Peixe porquinho assado/grelhado com sal,Pescados e Frutos do mar,TBCA
Peixe porquinho cozido,Pescados e Frutos do mar,TBCA
Peixe porquinho cozido com sal,Pescados e Frutos do mar,TBCA
Peixe porquinho cru,Pescados e Frutos do mar,TBCA
Peixe porquinho frito,Pescados e Frutos do mar,TBCA
Peixe porquinho frito com sal,Pescados e Frutos do mar,TBCA
Pescada à milanesa frita,Pescados e Frutos do mar,TBCA
Pescada à milanesa frita com sal,Pescados e Frutos do mar,TBCA
Pescada assada/grelhada,Pescados e Frutos do mar,TBCA
Pescada assada/grelhada com sal,Pescados e Frutos do mar,TBCA
Pescada branca à milanesa frita,Pescados e Frutos do mar,TBCA
Pescada branca à milanesa frita com sal,Pescados e Frutos do mar,TBCA
Pescada branca assada/grelhada,Pescados e Frutos do mar,TBCA
"Pescada branca assada/grelhada com batata e vegetais - cebola, cenoura, abobrinha, tomate, óleo e sal",Pescados e Frutos do mar,TBCA
"Pescada branca assada/grelhada com creme de leite, requeijão e cogumelo paris com sal",Pescados e Frutos do mar,TBCA
Pescada branca assada/grelhada com manteiga e alcaparra com sal,Pescados e Frutos do mar,TBCA
"Pescada branca assada/grelhada com manteiga e cogumelos (paris, shitake) com sal",Pescados e Frutos do mar,TBCA
Pescada branca assada/grelhada com sal,Pescados e Frutos do mar,TBCA
"Pescada branca assada/grelhada com vegetais (cenoura, vagem, abobrinha) e óleo",Pescados e Frutos do mar,TBCA
"Pescada branca assada/grelhada com vegetais (cenoura, vagem, abobrinha), óleo e sal",Pescados e Frutos do mar,TBCA
Pescada branca assada/grelhada recheada com farofa de banana w sal,Pescados e Frutos do mar,TBCA
Pescada branca cozida,Pescados e Frutos do mar,TBCA
Pescada branca cozida ao molho branco,Pescados e Frutos do mar,TBCA
"Pescada branca cozida com camarão, molho de tomate e sal",Pescados e Frutos do mar,TBCA
Pescada branca cozida com sal,Pescados e Frutos do mar,TBCA
Pescada branca crua,Pescados e Frutos do mar,TBCA
Pescada branca frita,Pescados e Frutos do mar,TBCA
Pescada branca frita,Pescados e Frutos do mar,TBCA
Pescada branca frita com sal,Pescados e Frutos do mar,TBCA
Pescada cozida,Pescados e Frutos do mar,TBCA
Pescada cozida com sal,Pescados e Frutos do mar,TBCA
Pescada frita,Pescados e Frutos do mar,TBCA
Pescada frita com sal,Pescados e Frutos do mar,TBCA
Pescadinha à milanesa frita,Pescados e Frutos do mar,TBCA
Pescadinha à milanesa frita com sal,Pescados e Frutos do mar,TBCA
Pescadinha assada/grelhada,Pescados e Frutos do mar,TBCA
Pescadinha assada/grelhada com sal,Pescados e Frutos do mar,TBCA
Pescadinha cozida,Pescados e Frutos do mar,TBCA
Pescadinha cozida ao molho branco,Pescados e Frutos do mar,TBCA
Pescadinha cozida com sal,Pescados e Frutos do mar,TBCA
Pescadinha/tortinha crua,Pescados e Frutos do mar,TBCA
Pintado assado,Pescados e Frutos do mar,TBCA
Pintado cozido,Pescados e Frutos do mar,TBCA
Pintado cozido com sal,Pescados e Frutos do mar,TBCA
Pintado cru,Pescados e Frutos do mar,TBCA
Pintado grelhado,Pescados e Frutos do mar,TBCA
Polvo cozido,Pescados e Frutos do mar,TBCA
Polvo cozido com sal,Pescados e Frutos do mar,TBCA
Polvo cru,Pescados e Frutos do mar,TBCA
Posta de cação assado/grelhado,Pescados e Frutos do mar,TBCA
Posta de cação cozido ao molho branco,Pescados e Frutos do mar,TBCA
Posta de cação cozido ao molho de tomate,Pescados e Frutos do mar,TBCA
Posta de cação cozido com sal,Pescados e Frutos do mar,TBCA
Roupa velha de peixe,Pescados e Frutos do mar,TBCA
Salmão defumado,Pescados e Frutos do mar,TBCA
Salmão sem pele cru,Pescados e Frutos do mar,TBCA
Salmão sem pele grelhado,Pescados e Frutos do mar,TBCA
Salmon tartare,Pescados e Frutos do mar,TBCA
Sardinha assada,Pescados e Frutos do mar,TBCA
Sardinha assada/grelhada com sal,Pescados e Frutos do mar,TBCA
Sardinha frita,Pescados e Frutos do mar,TBCA
Sardinha inteira crua,Pescados e Frutos do mar,TBCA
Siri azul cozido,Pescados e Frutos do mar,TBCA
Siri azul cru,Pescados e Frutos do mar,TBCA
Sticks de peixe congelado preparado,Pescados e Frutos do mar,TBCA
Surimi fresco,Pescados e Frutos do mar,TBCA
Sushi,Pescados e Frutos do mar,TBCA
Sushi California,Pescados e Frutos do mar,TBCA
Temaki,Pescados e Frutos do mar,TBCA
Tempurá de camarão,Pescados e Frutos do mar,TBCA
Tilápia cozida,Pescados e Frutos do mar,TBCA
Tilápia cozida com sal,Pescados e Frutos do mar,TBCA
Tucunaré inteiro cru,Pescados e Frutos do mar,TBCA
Alichela caseira,Pescados e Frutos do mar,TBCA 7.2
Anchova (aliche) em conserva,Pescados e Frutos do mar,TBCA 7.2
Anchova em conserva em óleo,Pescados e Frutos do mar,TBCA 7.2
Attum cozido ao molho branco sem sal,Pescados e Frutos do mar,TBCA 7.2
Atum  sólido/ralado em conserva em óleo,Pescados e Frutos do mar,TBCA 7.2
Atum à milanesa frito com sal,Pescados e Frutos do mar,TBCA 7.2
Atum à milanesa sem sal,Pescados e Frutos do mar,TBCA 7.2
Atum assado/grelhado com sal,Pescados e Frutos do mar,TBCA 7.2
Atum assado/grelhado sem sal,Pescados e Frutos do mar,TBCA 7.2
Atum cozido com sal,Pescados e Frutos do mar,TBCA 7.2
Atum cozido sem sal,Pescados e Frutos do mar,TBCA 7.2
Atum cru,Pescados e Frutos do mar,TBCA 7.2
Atum frito com sal,Pescados e Frutos do mar,TBCA 7.2
Atum frito sem sal,Pescados e Frutos do mar,TBCA 7.2
Atum ralado em conserva em óleo (Coqueiro),Pescados e Frutos do mar,TBCA 7.2
Atum sólido em conserva em óleo,Pescados e Frutos do mar,TBCA 7.2
Atum sólido em conserva em óleo (Coqueiro),Pescados e Frutos do mar,TBCA 7.2
Bacalhau dessalgado cozido sem sal,Pescados e Frutos do mar,TBCA 7.2
Bacalhau dessalgado refogado,Pescados e Frutos do mar,TBCA 7.2
Bacalhoada com vegetais e sal,Pescados e Frutos do mar,TBCA 7.2
Bobó de peixe com sal,Pescados e Frutos do mar,TBCA 7.2
Bolinho de bacalhau frito caseiro,Pescados e Frutos do mar,TBCA 7.2
Bolinho de peixe caseiro frito com óleo de soja,Pescados e Frutos do mar,TBCA 7.2
Cação à milanesa frito com sal,Pescados e Frutos do mar,TBCA 7.2
Cação à milanesa frito sem sal,Pescados e Frutos do mar,TBCA 7.2
Cação frito com sal,Pescados e Frutos do mar,TBCA 7.2
Cação frito sem sal,Pescados e Frutos do mar,TBCA 7.2
Caldeirada de frutos do mar com sal,Pescados e Frutos do mar,TBCA 7.2
Caldeirada de frutos do mar sem sal,Pescados e Frutos do mar,TBCA 7.2
Caldeirada de peixe com sal,Pescados e Frutos do mar,TBCA 7.2
Caldeirada de peixe e batata com sal,Pescados e Frutos do mar,TBCA 7.2
Caldeirada de peixe e batata sem sal,Pescados e Frutos do mar,TBCA 7.2
Caldeirada de peixe e frutos do mar com sal,Pescados e Frutos do mar,TBCA 7.2
Caldeirada de peixe e frutos do mar sem sal,Pescados e Frutos do mar,TBCA 7.2
Caldeirada de peixe sem sal,Pescados e Frutos do mar,TBCA 7.2
Caldo de camarão,Pescados e Frutos do mar,TBCA 7.2
Caldo de peixe de caseiro,Pescados e Frutos do mar,TBCA 7.2
Camarão à baiana com sal,Pescados e Frutos do mar,TBCA 7.2
Camarão à baiana sem sal,Pescados e Frutos do mar,TBCA 7.2
Camarão com batata e legumes com sal,Pescados e Frutos do mar,TBCA 7.2
Camarão com batata e legumes sem sal,Pescados e Frutos do mar,TBCA 7.2
Camarão com chuchu e sal,Pescados e Frutos do mar,TBCA 7.2
Camarão com chuchu sem sal,Pescados e Frutos do mar,TBCA 7.2
Camarão com legumes e sal,Pescados e Frutos do mar,TBCA 7.2
Camarão com legumes sem sal,Pescados e Frutos do mar,TBCA 7.2
Camarão com requeijão e sal,Pescados e Frutos do mar,TBCA 7.2
Camarão com requeijão sem sal,Pescados e Frutos do mar,TBCA 7.2
Camarão na moranga com sal,Pescados e Frutos do mar,TBCA 7.2
Camarão na moranga sem sal,Pescados e Frutos do mar,TBCA 7.2
Camarão Pitu frito sem sal,Pescados e Frutos do mar,TBCA 7.2
Camarão Pitu in natura,Pescados e Frutos do mar,TBCA 7.2
Camarão sem casca cozido com sal,Pescados e Frutos do mar,TBCA 7.2
Camarão sem casca cozido sem sal,Pescados e Frutos do mar,TBCA 7.2
Camarão sem casca cru,Pescados e Frutos do mar,TBCA 7.2
Camarão sem casca preparado para recheios com sal,Pescados e Frutos do mar,TBCA 7.2
Camarão sem casca preparado para recheios sem sal,Pescados e Frutos do mar,TBCA 7.2
Camarão sem casca refogado com óleo e sal,Pescados e Frutos do mar,TBCA 7.2
Camarão sem casca refogado sem sal,Pescados e Frutos do mar,TBCA 7.2
Camarão Sete Barbas sem cabeça frito com óleo de soja e sal,Pescados e Frutos do mar,TBCA 7.2
Caranguejo cozido sem óleo e sem sal,Pescados e Frutos do mar,TBCA 7.2
Caruru (camarão com quiabo),Pescados e Frutos do mar,TBCA 7.2
Casquinha de camarão com sal,Pescados e Frutos do mar,TBCA 7.2
Casquinha de camarão sem sal,Pescados e Frutos do mar,TBCA 7.2
Casquinha de caranguejo com sal,Pescados e Frutos do mar,TBCA 7.2
Casquinha de caranguejo sem sal,Pescados e Frutos do mar,TBCA 7.2
Casquinha de frutos do mar,Pescados e Frutos do mar,TBCA 7.2
Casquinha de frutos do mar com sal,Pescados e Frutos do mar,TBCA 7.2
Casquinha de marisco com sal,Pescados e Frutos do mar,TBCA 7.2
Casquinha de marisco sem sal,Pescados e Frutos do mar,TBCA 7.2
Casquinha de siri com sal,Pescados e Frutos do mar,TBCA 7.2
Casquinha de siri sem sal,Pescados e Frutos do mar,TBCA 7.2
Cavalinha à escabeche sem sal,Pescados e Frutos do mar,TBCA 7.2
Ccaranguejo cru,Pescados e Frutos do mar,TBCA 7.2
Cestinha de camarão com massa de pastel frita e sal,Pescados e Frutos do mar,TBCA 7.2
Cestinha de camarão com massa filo assada com manteiga e sal,Pescados e Frutos do mar,TBCA 7.2
Cestinha de camarão com queijo parmesão tostado e sal,Pescados e Frutos do mar,TBCA 7.2
Cestinha de frutos do mar com massa de pastel frita com sal,Pescados e Frutos do mar,TBCA 7.2
Cestinha de frutos do mar com massa filo assada com manteiga e sal,Pescados e Frutos do mar,TBCA 7.2
Cestinha de frutos do mar com queijo parmesão tostado e sal,Pescados e Frutos do mar,TBCA 7.2
Ceviche corvina sem sal,Pescados e Frutos do mar,TBCA 7.2
Ceviche de atum cru e frutos do mar cozidos com sal,Pescados e Frutos do mar,TBCA 7.2
Ceviche de corvina com sal,Pescados e Frutos do mar,TBCA 7.2
Ceviche de frutos do mar sem sal,Pescados e Frutos do mar,TBCA 7.2
Ceviche de pescada com sal,Pescados e Frutos do mar,TBCA 7.2
Ceviche de pescada crua e frutos do mar cozidos com sal,Pescados e Frutos do mar,TBCA 7.2
Ceviche de pescada crua e frutos do mar cozidos sem sal,Pescados e Frutos do mar,TBCA 7.2
Ceviche de pescada sem sal,Pescados e Frutos do mar,TBCA 7.2
Ceviche salmão cru e frutos do mar cozidos com sal,Pescados e Frutos do mar,TBCA 7.2
Ceviche salmão cru e frutos do mar cozidos sem sal,Pescados e Frutos do mar,TBCA 7.2
Corimba cozido com sal,Pescados e Frutos do mar,TBCA 7.2
Corimba cozido sem sal,Pescados e Frutos do mar,TBCA 7.2
Corimba cru,Pescados e Frutos do mar,TBCA 7.2
Corimba/curimatã inteiro cru,Pescados e Frutos do mar,TBCA 7.2
Corimbatá assado sem,Pescados e Frutos do mar,TBCA 7.2
Corimbatá cozido sem sal,Pescados e Frutos do mar,TBCA 7.2
Corvina assada crua,Pescados e Frutos do mar,TBCA 7.2
Corvina assada sem sal,Pescados e Frutos do mar,TBCA 7.2
Corvina cozida com sal,Pescados e Frutos do mar,TBCA 7.2
Corvina cozida sem sal,Pescados e Frutos do mar,TBCA 7.2
Corvina cozida sem sal,Pescados e Frutos do mar,TBCA 7.2
Corvina crua,Pescados e Frutos do mar,TBCA 7.2
Corvina do mar à milanesa frito com sal,Pescados e Frutos do mar,TBCA 7.2
Corvina do mar assada/grelhada com sal,Pescados e Frutos do mar,TBCA 7.2
Corvina do mar cozida ao molho branco sem sal,Pescados e Frutos do mar,TBCA 7.2
Corvina do mar cozida com sal,Pescados e Frutos do mar,TBCA 7.2
Corvina do mar frita com sal,Pescados e Frutos do mar,TBCA 7.2
Corvina do mar frita sem sal,Pescados e Frutos do mar,TBCA 7.2
Corvinha do mar à milanesa frito sem sal,Pescados e Frutos do mar,TBCA 7.2
Crustáceo caranguejo cozido sem óleo com sal,Pescados e Frutos do mar,TBCA 7.2
Estrogonofe de camarão com sal,Pescados e Frutos do mar,TBCA 7.2
Farinha de piracuí/farinha de pescado,Pescados e Frutos do mar,TBCA 7.2
Fié de peixe de água doce grelhado/assado sem sal,Pescados e Frutos do mar,TBCA 7.2
Filé de abadejo à milanesa frito com sal,Pescados e Frutos do mar,TBCA 7.2
Filé de abadejo à milanesa frito sem sal,Pescados e Frutos do mar,TBCA 7.2
Filé de abadejo assado com sal,Pescados e Frutos do mar,TBCA 7.2
Filé de abadejo assado sem sal,Pescados e Frutos do mar,TBCA 7.2
Filé de abadejo assado sem sal,Pescados e Frutos do mar,TBCA 7.2
Filé de abadejo congelado cru,Pescados e Frutos do mar,TBCA 7.2
Filé de abadejo cozido ao molho branco sem sal,Pescados e Frutos do mar,TBCA 7.2
Filé de abadejo cozido sem sal,Pescados e Frutos do mar,TBCA 7.2
Filé de abadejo frito com sal,Pescados e Frutos do mar,TBCA 7.2
Filé de abadejo frito sem sal,Pescados e Frutos do mar,TBCA 7.2
Filé de abadejó grelhado sem sal,Pescados e Frutos do mar,TBCA 7.2
Filé de anchova defumado,Pescados e Frutos do mar,TBCA 7.2
Filé de anchova fresco,Pescados e Frutos do mar,TBCA 7.2
Filé de Arraia (Raia) assado com sal,Pescados e Frutos do mar,TBCA 7.2
Filé de Arraia (Raia) cozido com óleo e sal,Pescados e Frutos do mar,TBCA 7.2
Filé de Arraia (Raia) cozido sem sal,Pescados e Frutos do mar,TBCA 7.2
Filé de Arraia (Raia) cru,Pescados e Frutos do mar,TBCA 7.2
Filé de Arraia (Raia) frito com sal,Pescados e Frutos do mar,TBCA 7.2
Filé de Arraia (Raia) frito sem sal,Pescados e Frutos do mar,TBCA 7.2
Filé de Arraia (Raia) grelhado com sal,Pescados e Frutos do mar,TBCA 7.2
Filé de Arraia (Raia) grelhado sem sal,Pescados e Frutos do mar,TBCA 7.2
Filé de Arraia (Raia) refogado com sal,Pescados e Frutos do mar,TBCA 7.2
Filé de Arraia (Raia) refogado sem sal,Pescados e Frutos do mar,TBCA 7.2
Filé de corimba/curimatã cru,Pescados e Frutos do mar,TBCA 7.2
Filé de Corimba/Curimata frito com sal,Pescados e Frutos do mar,TBCA 7.2
Filé de dourado cozido com sal,Pescados e Frutos do mar,TBCA 7.2
Filé de dourado fresco sem sal,Pescados e Frutos do mar,TBCA 7.2
Filé de empanada à escabeche sem sal,Pescados e Frutos do mar,TBCA 7.2
Filé de merluza assado sem sal,Pescados e Frutos do mar,TBCA 7.2
Filé de merluza cru,Pescados e Frutos do mar,TBCA 7.2
Filé de merluza frito sem sal,Pescados e Frutos do mar,TBCA 7.2
Filé de peixe da água doce à milanesa à milanesa frito com sal,Pescados e Frutos do mar,TBCA 7.2
Filé de peixe de água doce à milanesa frito sem sal,Pescados e Frutos do mar,TBCA 7.2
Filé de peixe de água doce cozido com sal,Pescados e Frutos do mar,TBCA 7.2
Filé de peixe de água doce cozido sem sal,Pescados e Frutos do mar,TBCA 7.2
Filé de peixe de água doce cru,Pescados e Frutos do mar,TBCA 7.2
Filé de peixe de água doce frito com sal,Pescados e Frutos do mar,TBCA 7.2
Filé de peixe de água doce frito sem sal,Pescados e Frutos do mar,TBCA 7.2
Filé de peixe de água doce grelhado/assado com sal,Pescados e Frutos do mar,TBCA 7.2
Filé de peixe de água doce refogado com sal,Pescados e Frutos do mar,TBCA 7.2
Filé de peixe de água doce refogado sem sal,Pescados e Frutos do mar,TBCA 7.2
Filé de pescada cru,Pescados e Frutos do mar,TBCA 7.2
Filé de pescada frito sem sal,Pescados e Frutos do mar,TBCA 7.2
Filé de pescado empanada e frito sem sal,Pescados e Frutos do mar,TBCA 7.2
Filé de salmão com pele grelhado sem sal,Pescados e Frutos do mar,TBCA 7.2
Filé de salmão filé sem pele assado/grelhado com sal,Pescados e Frutos do mar,TBCA 7.2
Filé de salmão sem pele à milanesa frito com sal,Pescados e Frutos do mar,TBCA 7.2
Filé de salmão sem pele à milanesa frito sem sal,Pescados e Frutos do mar,TBCA 7.2
Filé de salmão sem pele frito com óleo de soja e sal,Pescados e Frutos do mar,TBCA 7.2
Filé de sardinha cozido sem sal,Pescados e Frutos do mar,TBCA 7.2
Filé de tilápia cru,Pescados e Frutos do mar,TBCA 7.2
Filé de tilápia grelhado com óleo de soja e sal,Pescados e Frutos do mar,TBCA 7.2
Filé de tilápia grelhado com óleo de soja sem sal,Pescados e Frutos do mar,TBCA 7.2
Filé de tilápia sem pele cozido sem sal,Pescados e Frutos do mar,TBCA 7.2
Filé de tilápia sem pele grelhado sem sal,Pescados e Frutos do mar,TBCA 7.2
Filé de tucunaré assado com sal,Pescados e Frutos do mar,TBCA 7.2
Filé de tucunaré assado sem sal,Pescados e Frutos do mar,TBCA 7.2
Filé de tucunaré cozido sem sal,Pescados e Frutos do mar,TBCA 7.2
Filé de tucunaré cru,Pescados e Frutos do mar,TBCA 7.2
Filé de Tucunaré frito com sal,Pescados e Frutos do mar,TBCA 7.2
Filé de tucunaré grelhado sem sal,Pescados e Frutos do mar,TBCA 7.2
Filé/posta de peixe de água salgada à milanesa frito com sal,Pescados e Frutos do mar,TBCA 7.2
Filé/posta de peixe de água salgada à milanesa frito sem sal,Pescados e Frutos do mar,TBCA 7.2
Filé/posta de peixe de água salgada assado/grelhado com sal,Pescados e Frutos do mar,TBCA 7.2
Filé/posta de peixe de água salgada assado/grelhado sem sal,Pescados e Frutos do mar,TBCA 7.2
Filé/posta de peixe de água salgada cozido com sal,Pescados e Frutos do mar,TBCA 7.2
Filé/posta de peixe de água salgada cozido sem sal,Pescados e Frutos do mar,TBCA 7.2
Filé/posta de peixe de água salgada cru,Pescados e Frutos do mar,TBCA 7.2
Filé/posta de peixe de água salgada frito com sal,Pescados e Frutos do mar,TBCA 7.2
Filé/posta de peixe de água salgada frito com sal,Pescados e Frutos do mar,TBCA 7.2
Frigideira de peixe com sal,Pescados e Frutos do mar,TBCA 7.2
Frutos do mar ao leite de coco com sal,Pescados e Frutos do mar,TBCA 7.2
Frutos do mar ao leite de coco sem sal,Pescados e Frutos do mar,TBCA 7.2
Frutos do mar com legumes com sal,Pescados e Frutos do mar,TBCA 7.2
Frutos do mar com legumes sem sal,Pescados e Frutos do mar,TBCA 7.2
Hot Filadélfia (Hot Roll),Pescados e Frutos do mar,TBCA 7.2
Lagosta cozida sem sal,Pescados e Frutos do mar,TBCA 7.2
Lagosta cozido com sal,Pescados e Frutos do mar,TBCA 7.2
Lagosta crua,Pescados e Frutos do mar,TBCA 7.2
Lambari cru,Pescados e Frutos do mar,TBCA 7.2
Lambari fresco cozido com sal,Pescados e Frutos do mar,TBCA 7.2
Lambari fresco cozido sem sal,Pescados e Frutos do mar,TBCA 7.2
Lambari fresco cru Basil,Pescados e Frutos do mar,TBCA 7.2
Lambari frito sem sal,Pescados e Frutos do mar,TBCA 7.2
Lula cozida com sal,Pescados e Frutos do mar,TBCA 7.2
Lula cozida e frita sem sal,Pescados e Frutos do mar,TBCA 7.2
Lula cozida sem sal,Pescados e Frutos do mar,TBCA 7.2
Lula cozido e frita com sal,Pescados e Frutos do mar,TBCA 7.2
Lula recheada com camarão,Pescados e Frutos do mar,TBCA 7.2
Manjuba frita com farinha de trigo sem sal,Pescados e Frutos do mar,TBCA 7.2
Manjuba frita sem sal,Pescados e Frutos do mar,TBCA 7.2
Mariscada com sal,Pescados e Frutos do mar,TBCA 7.2
Mariscada sem sal,Pescados e Frutos do mar,TBCA 7.2
Marisco cru,Pescados e Frutos do mar,TBCA 7.2
Merluza à milanesa frita com sal,Pescados e Frutos do mar,TBCA 7.2
Merluza à milanesa frito sem sal,Pescados e Frutos do mar,TBCA 7.2
Merluza assada/grelhada com sal,Pescados e Frutos do mar,TBCA 7.2
Merluza cozida ao molho branco sem sal,Pescados e Frutos do mar,TBCA 7.2
Merluza cozida com sal,Pescados e Frutos do mar,TBCA 7.2
Merluza cozida sem sal,Pescados e Frutos do mar,TBCA 7.2
Merluza frita com óleo de soja e sal,Pescados e Frutos do mar,TBCA 7.2
Merluza frito sem sal,Pescados e Frutos do mar,TBCA 7.2
Mexilhão cozido com sal,Pescados e Frutos do mar,TBCA 7.2
Mexilhão cozido sem sal,Pescados e Frutos do mar,TBCA 7.2
Mexilhão cru,Pescados e Frutos do mar,TBCA 7.2
Mexilhão Sururu cozido com leite de coco e sal,Pescados e Frutos do mar,TBCA 7.2
Mexilhão Sururu cozido com leite de coco e sal,Pescados e Frutos do mar,TBCA 7.2
Mexilhão Sururu cru,Pescados e Frutos do mar,TBCA 7.2
Mexilhão Unha de Velho cru,Pescados e Frutos do mar,TBCA 7.2
Moqueca baiana de peixe com sal,Pescados e Frutos do mar,TBCA 7.2
Moqueca capixaba de peixe com sal,Pescados e Frutos do mar,TBCA 7.2
Moqueca de camarão sem sal,Pescados e Frutos do mar,TBCA 7.2
Moqueca de frutos do mar com sal,Pescados e Frutos do mar,TBCA 7.2
Moqueca de frutos do mar sem sal,Pescados e Frutos do mar,TBCA 7.2
Moqueca de lagosta com sal,Pescados e Frutos do mar,TBCA 7.2
Mujica/mojica de peixe (pirão de peixe),Pescados e Frutos do mar,TBCA 7.2
Músculo de lula cru,Pescados e Frutos do mar,TBCA 7.2
Ostra cozida com sal,Pescados e Frutos do mar,TBCA 7.2
Ostra cozida sem sal,Pescados e Frutos do mar,TBCA 7.2
Ostra crua,Pescados e Frutos do mar,TBCA 7.2
Paella de frutos do mar com sal,Pescados e Frutos do mar,TBCA 7.2
Paella de frutos do mar sem sal,Pescados e Frutos do mar,TBCA 7.2
Paella valenciana com sal,Pescados e Frutos do mar,TBCA 7.2
Paella valenciana sem sal,Pescados e Frutos do mar,TBCA 7.2
Pasta de atum caseiro com sal,Pescados e Frutos do mar,TBCA 7.2
Pasta de sardinha caseira com sal,Pescados e Frutos do mar,TBCA 7.2
Peixe à parmegiana,Pescados e Frutos do mar,TBCA 7.2
Peixe de água doce cru,Pescados e Frutos do mar,TBCA 7.2
Peixe de água doce dourado cru,Pescados e Frutos do mar,TBCA 7.2
Peixe de água salgada cru,Pescados e Frutos do mar,TBCA 7.2
Peixe pescadinha à milanesa frito com sal,Pescados e Frutos do mar,TBCA 7.2
Peixe pescadinha assado/grelhado com sal,Pescados e Frutos do mar,TBCA 7.2
Peixe pescadinha assado/grelhado sem sal,Pescados e Frutos do mar,TBCA 7.2
Peixe pescadinha cozido ao molho branco sem sal,Pescados e Frutos do mar,TBCA 7.2
Peixe pescadinha cozido com sal,Pescados e Frutos do mar,TBCA 7.2
Peixe pescadinha cozido sem sal,Pescados e Frutos do mar,TBCA 7.2
Peixe pescadinha frito com sal,Pescados e Frutos do mar,TBCA 7.2
Peixe pescadinha frito sem sal,Pescados e Frutos do mar,TBCA 7.2
Peixe pescadinha/tortinha cru,Pescados e Frutos do mar,TBCA 7.2
Peixe porquinho à milanesa frito e com sal,Pescados e Frutos do mar,TBCA 7.2
Peixe porquinho à milanesa frito sem sal,Pescados e Frutos do mar,TBCA 7.2
Peixe porquinho assado/grelhado com sal,Pescados e Frutos do mar,TBCA 7.2
Peixe porquinho assado/grelhado sem sal,Pescados e Frutos do mar,TBCA 7.2
Peixe porquinho cozido ao molho branco sem sal,Pescados e Frutos do mar,TBCA 7.2
Peixe porquinho cozido com sal,Pescados e Frutos do mar,TBCA 7.2
Peixe porquinho cozido sem sal,Pescados e Frutos do mar,TBCA 7.2
Peixe porquinho cru,Pescados e Frutos do mar,TBCA 7.2
Peixe porquinho frito com óleo de soja e sal,Pescados e Frutos do mar,TBCA 7.2
Peixe porquinho frito sem sal,Pescados e Frutos do mar,TBCA 7.2
Pescada à milanesa frita sem sal,Pescados e Frutos do mar,TBCA 7.2
Pescada à milanesa frito com sal,Pescados e Frutos do mar,TBCA 7.2
Pescada assada/grelhada com sal,Pescados e Frutos do mar,TBCA 7.2
Pescada assada/grelhada sem sal,Pescados e Frutos do mar,TBCA 7.2
Pescada branca à milanesa frito com sal,Pescados e Frutos do mar,TBCA 7.2
Pescada branca à milanesa frito sem sal,Pescados e Frutos do mar,TBCA 7.2
Pescada branca assada/grelhada  recheada com farofa de banana e sal,Pescados e Frutos do mar,TBCA 7.2
"Pescada branca assada/grelhada com batata e vegetais - cebola, cenoura, abobrinha e tomate com óleo de soja e sal",Pescados e Frutos do mar,TBCA 7.2
"Pescada branca assada/grelhada com creme de leite, requeijão e cogumelo paris com sal",Pescados e Frutos do mar,TBCA 7.2
Pescada branca assada/grelhada com manteiga e alcaparra com sal,Pescados e Frutos do mar,TBCA 7.2
"Pescada branca assada/grelhada com manteiga e cogumelos (paris, shiitake) com sal",Pescados e Frutos do mar,TBCA 7.2
"Pescada branca assada/grelhada com vegetais - cebola, cenoura, vagem e abobrinha com óleo e sal",Pescados e Frutos do mar,TBCA 7.2
"Pescada branca assada/grelhada com vegetais - cebola, cenoura, vagem e abobrinha com óleo e sem sal",Pescados e Frutos do mar,TBCA 7.2
Pescada branca assada/grelhada sem sal,Pescados e Frutos do mar,TBCA 7.2
Pescada branca cozida ao molho branco sem sal,Pescados e Frutos do mar,TBCA 7.2
Pescada branca cozida com camarão e molho de tomate com sal,Pescados e Frutos do mar,TBCA 7.2
Pescada branca cozida com sal,Pescados e Frutos do mar,TBCA 7.2
Pescada branca cozida sem sal,Pescados e Frutos do mar,TBCA 7.2
Pescada branca crua,Pescados e Frutos do mar,TBCA 7.2
Pescada branca frita com sal,Pescados e Frutos do mar,TBCA 7.2
Pescada branca frita sem sal,Pescados e Frutos do mar,TBCA 7.2
Pescada branca frita sem sal,Pescados e Frutos do mar,TBCA 7.2
Pescada cozida ao molho branco sem sal,Pescados e Frutos do mar,TBCA 7.2
Pescada cozida com sal,Pescados e Frutos do mar,TBCA 7.2
Pescada cozida drenado sem sal,Pescados e Frutos do mar,TBCA 7.2
Pescada frita com sal,Pescados e Frutos do mar,TBCA 7.2
Pescada frita sem sal,Pescados e Frutos do mar,TBCA 7.2
Pescadinha à milanesa frito sem sal,Pescados e Frutos do mar,TBCA 7.2
Pintado assado sem sal,Pescados e Frutos do mar,TBCA 7.2
Pintado cozido com sal,Pescados e Frutos do mar,TBCA 7.2
Pintado cozido sem sal,Pescados e Frutos do mar,TBCA 7.2
Pintado cru,Pescados e Frutos do mar,TBCA 7.2
Pintado grelhado sem sal,Pescados e Frutos do mar,TBCA 7.2
Pirarucu à milanesa com sal,Pescados e Frutos do mar,TBCA 7.2
Pirarucu à milanesa sem sal,Pescados e Frutos do mar,TBCA 7.2
Pirarucu assado com sal,Pescados e Frutos do mar,TBCA 7.2
Pirarucu assado sem sal,Pescados e Frutos do mar,TBCA 7.2
"Pirarucu cozido com cebolinha, alho, colorau, pimenta-do-reino e sal",Pescados e Frutos do mar,TBCA 7.2
"Pirarucu cozido com cebolinha, alho, cúrcuma, pimenta-do-reino e sal",Pescados e Frutos do mar,TBCA 7.2
Pirarucu cozido com óleo de soja e sal,Pescados e Frutos do mar,TBCA 7.2
Pirarucu cozido sem sal,Pescados e Frutos do mar,TBCA 7.2
Pirarucu cru,Pescados e Frutos do mar,TBCA 7.2
Pirarucu dessalgado,Pescados e Frutos do mar,TBCA 7.2
Pirarucu dessalgado desfiado sem sal,Pescados e Frutos do mar,TBCA 7.2
Pirarucu frito com sal,Pescados e Frutos do mar,TBCA 7.2
Pirarucu grelhado sem óleo de soja com sal,Pescados e Frutos do mar,TBCA 7.2
Pirarucu salgado seco,Pescados e Frutos do mar,TBCA 7.2
Polvo cozido com sal,Pescados e Frutos do mar,TBCA 7.2
Polvo cozido sem sal,Pescados e Frutos do mar,TBCA 7.2
Posta de cação assado/grelhado com sal,Pescados e Frutos do mar,TBCA 7.2
Posta de cação assado/grelhado sem sal,Pescados e Frutos do mar,TBCA 7.2
Posta de cação cozida ao molho de tomate sem sal,Pescados e Frutos do mar,TBCA 7.2
Posta de cação cozido ao molho branco sem sal,Pescados e Frutos do mar,TBCA 7.2
Posta de cação cozido ao molho vermelho com sal,Pescados e Frutos do mar,TBCA 7.2
Posta de cação cozido com sal,Pescados e Frutos do mar,TBCA 7.2
Posta de cação cozido molho branco com sal,Pescados e Frutos do mar,TBCA 7.2
Posta de cação cozido sem sal,Pescados e Frutos do mar,TBCA 7.2
Posta de cação cru,Pescados e Frutos do mar,TBCA 7.2
Posta de cação cru,Pescados e Frutos do mar,TBCA 7.2
Posta de cação frito com farinha de trigo sem sal,Pescados e Frutos do mar,TBCA 7.2
Roupa velha de peixe com sal,Pescados e Frutos do mar,TBCA 7.2
Salmão defumado,Pescados e Frutos do mar,TBCA 7.2
Sardinha assada sem sal,Pescados e Frutos do mar,TBCA 7.2
Sardinha assada/grelhada com sal,Pescados e Frutos do mar,TBCA 7.2
Siri azul cozido sem sal,Pescados e Frutos do mar,TBCA 7.2
Siri cozido com óleo de soja e sal,Pescados e Frutos do mar,TBCA 7.2
Sushi,Pescados e Frutos do mar,TBCA 7.2
Sushi California,Pescados e Frutos do mar,TBCA 7.2
Tambaqui cru,Pescados e Frutos do mar,TBCA 7.2
Tambaqui frito com sal,Pescados e Frutos do mar,TBCA 7.2
Tambaqui frito com sal,Pescados e Frutos do mar,TBCA 7.2
Tambaqui frito sem sal,Pescados e Frutos do mar,TBCA 7.2
Tambaqui grelhado sem sal,Pescados e Frutos do mar,TBCA 7.2
Tucunaré a milanesa com sal,Pescados e Frutos do mar,TBCA 7.2
Tucunaré à milanesa sem sal,Pescados e Frutos do mar,TBCA 7.2
Tucunaré cozido com óleo de soja e sal,Pescados e Frutos do mar,TBCA 7.2
Tucunaré inteiro cru,Pescados e Frutos do mar,TBCA 7.2
Tucunaré refogado com sal,Pescados e Frutos do mar,TBCA 7.2
Vieira cozida sem sal,Pescados e Frutos do mar,TBCA 7.2
Achocolatado (Nescau),Produtos açucarados,TBCA
Achocolatado (Ovomaltine),Produtos açucarados,TBCA
Achocolatado (Toddy),Produtos açucarados,TBCA
Achocolatado em pó,Produtos açucarados,TBCA
Açúcar,Produtos açucarados,TBCA
Açúcar cristal,Produtos açucarados,TBCA
Açúcar mascavo,Produtos açucarados,TBCA
Açúcar refinado,Produtos açucarados,TBCA
Baba de moça,Produtos açucarados,TBCA
Bala de caramelo,Produtos açucarados,TBCA
Bala de frutas,Produtos açucarados,TBCA
Bala dura,Produtos açucarados,TBCA
Banana flambada,Produtos açucarados,TBCA
Beijinho enlatado,Produtos açucarados,TBCA
Bem casado com recheio de doce de leite e açúcar polvilhado,Produtos açucarados,TBCA
Biscoito goiabinha com recheio de goiaba,Produtos açucarados,TBCA
Biscoito goiabinha integral com recheio de goiaba,Produtos açucarados,TBCA
Bolinrosa em lata,Produtos açucarados,TBCA
Bombom de avelã,Produtos açucarados,TBCA
Bombom de chocolate,Produtos açucarados,TBCA
Bombom de chocolate ao leite (Alpino),Produtos açucarados,TBCA
Bombom de chocolate ao leite (Lollo),Produtos açucarados,TBCA
Bombom de chocolate ao leite com flocos de arroz ao leite (Crunch),Produtos açucarados,TBCA
Bombom de chocolate ao leite com recheio cremoso de morango (Sensação),Produtos açucarados,TBCA
Bombom de chocolate ao leite com recheio de banana (Caribe),Produtos açucarados,TBCA
Bombom de chocolate ao leite com recheio de castanha de caju (Nougat),Produtos açucarados,TBCA
Bombom de chocolate ao leite e meio amargo com recheio cremoso de castanha de caju (Serenata de amor),Produtos açucarados,TBCA
Bombom de chocolate ao leite recheado com amendoim e caramelo (Charge),Produtos açucarados,TBCA
Bombom de chocolate ao leite recheado com amendoim e castanha de caju (Crocante),Produtos açucarados,TBCA
Bombom de chocolate ao leite recheado com caramelo (Smash),Produtos açucarados,TBCA
Bombom de chocolate ao leite recheado com coco (It de coco),Produtos açucarados,TBCA
Bombom de chocolate ao leite recheado com coco (Prestígio),Produtos açucarados,TBCA
Bombom de chocolate ao leite recheado com leite condensado caramelizado e flocos (Chokito),Produtos açucarados,TBCA
Bombom de chocolate branco (Galak),Produtos açucarados,TBCA
Bombom de chocolate branco com recheio de castanha de caju (Operata),Produtos açucarados,TBCA
Bombom de chocolate branco recheado com leite condensado caramelizado e flocos (Chokito),Produtos açucarados,TBCA
Bombom de leite em pó caseiro,Produtos açucarados,TBCA
Bombom tipo Ferrero Rocher caseiro,Produtos açucarados,TBCA
Bombom tipo Rafaello caseiro,Produtos açucarados,TBCA
Brigadeiro com Amarula caseiro,Produtos açucarados,TBCA
Brigadeiro em lata,Produtos açucarados,TBCA
Cacau em pó,Produtos açucarados,TBCA
Cajuzinho,Produtos açucarados,TBCA
Calda de chocolate,Produtos açucarados,TBCA
Calda de frutas,Produtos açucarados,TBCA
Calda de maracujá,Produtos açucarados,TBCA
Camafeu,Produtos açucarados,TBCA
Canudinho com recheio de brigadeiro,Produtos açucarados,TBCA
Canudinho com recheio de brigadeiro e cobertura de chocolate,Produtos açucarados,TBCA
Chantily em pó preparado,Produtos açucarados,TBCA
Chocolate amargo,Produtos açucarados,TBCA
Chocolate amargo,Produtos açucarados,TBCA
Chocolate amargo (Dupy),Produtos açucarados,TBCA
Chocolate amargo (Lacta Amaro),Produtos açucarados,TBCA
Chocolate amargo (Nestle Classic),Produtos açucarados,TBCA
Chocolate amargo (Neugebauer),Produtos açucarados,TBCA
Chocolate amargo 50% cacau,Produtos açucarados,TBCA
Chocolate amargo 70% cacau,Produtos açucarados,TBCA
Chocolate ao leite,Produtos açucarados,TBCA
Chocolate ao leite,Produtos açucarados,TBCA
Chocolate ao leite (Dupy),Produtos açucarados,TBCA
Chocolate ao leite (Garoto),Produtos açucarados,TBCA
Chocolate ao leite (Lacta),Produtos açucarados,TBCA
Chocolate ao leite (Nestle Classic),Produtos açucarados,TBCA
Chocolate ao leite com amendoim,Produtos açucarados,TBCA
Chocolate ao leite com avelã,Produtos açucarados,TBCA
Chocolate ao leite com castanha do Brasil,Produtos açucarados,TBCA
Chocolate ao leite com mel e torrone de amêndoas (Toblerone),Produtos açucarados,TBCA
Chocolate branco,Produtos açucarados,TBCA
Chocolate com recheio de manteiga de amendoim,Produtos açucarados,TBCA
Chocolate em pó (Hikari),Produtos açucarados,TBCA
Chocolate em pó solúvel,Produtos açucarados,TBCA
Chocolate meio amargo,Produtos açucarados,TBCA
Cobertura de chocolate para bolo,Produtos açucarados,TBCA
Cobertura de maracujá para bolo,Produtos açucarados,TBCA
Cocada branca,Produtos açucarados,TBCA
Delícia de abacaxi,Produtos açucarados,TBCA
Doce árabe Ataif de nozes com calda de laranja,Produtos açucarados,TBCA
Doce de abóbora cremoso,Produtos açucarados,TBCA
Doce de feijão azuki,Produtos açucarados,TBCA
Doce de leite cremoso,Produtos açucarados,TBCA
Doce de leite em lata,Produtos açucarados,TBCA
Flan de baunilha em pó preparado,Produtos açucarados,TBCA
Flan de chocolate em pó preparado,Produtos açucarados,TBCA
Flan de leite caseiro,Produtos açucarados,TBCA
Flan em pó preparado,Produtos açucarados,TBCA
Fruta cristalizada,Produtos açucarados,TBCA
Gelatina em pó preparada com água,Produtos açucarados,TBCA
Geleia,Produtos açucarados,TBCA
Geleia de abacaxi (Ritter),Produtos açucarados,TBCA
Geleia de framboesa (Ritter),Produtos açucarados,TBCA
Geleia de goiaba (Ritter),Produtos açucarados,TBCA
Geleia de laranja (Ritter),Produtos açucarados,TBCA
Geleia de mocotó natural,Produtos açucarados,TBCA
Geleia de morango (RItter),Produtos açucarados,TBCA
Geleia de uva (Ritter),Produtos açucarados,TBCA
Glicose de milho,Produtos açucarados,TBCA
Goma de mascar com açúcar,Produtos açucarados,TBCA
Maçã do amor,Produtos açucarados,TBCA
Manjar de coco com calda de ameixa,Produtos açucarados,TBCA
Maria mole,Produtos açucarados,TBCA
Maria mole de coco,Produtos açucarados,TBCA
Maria mole de coco queimado,Produtos açucarados,TBCA
Marmelada,Produtos açucarados,TBCA
Marrom glacê,Produtos açucarados,TBCA
Marshmallow,Produtos açucarados,TBCA
Marzipã,Produtos açucarados,TBCA
Massa de cheesecake,Produtos açucarados,TBCA
Massa folhada com doce de leite e açúcar,Produtos açucarados,TBCA
Mel de abelha,Produtos açucarados,TBCA
Melado de cana,Produtos açucarados,TBCA
Merengue com frutas vermelhas,Produtos açucarados,TBCA
Mistura para mousse de chocolate preparada,Produtos açucarados,TBCA
Mistura para mousse de limão preparada,Produtos açucarados,TBCA
Mistura para mousse de maracujá preparada,Produtos açucarados,TBCA
Mistura para mousse preparada,Produtos açucarados,TBCA
Mousse de uva,Produtos açucarados,TBCA
Olho de sogra,Produtos açucarados,TBCA
Paçoca de amendoim,Produtos açucarados,TBCA
Pastal de nata,Produtos açucarados,TBCA
Pastel frito com recheio de brigadeiro,Produtos açucarados,TBCA
Pastel frito com recheio de doce de leite,Produtos açucarados,TBCA
Pavê de baunilha,Produtos açucarados,TBCA
Pavê de morango,Produtos açucarados,TBCA
Pé-de-moleque de amendoim,Produtos açucarados,TBCA
Petit gateau,Produtos açucarados,TBCA
"Petit gateau, sorvete e calda de chocolate",Produtos açucarados,TBCA
Picolé industrializado com suco de fruta,Produtos açucarados,TBCA
Profiteroles com recheio de sorvete de creme e cobertura de chocolate,Produtos açucarados,TBCA
Pudim de baunilha em pó preparado (Oetker),Produtos açucarados,TBCA
Pudim de caramelo em pó preparado (Oetker),Produtos açucarados,TBCA
Pudim de chocolate em pó preparado (Oetker),Produtos açucarados,TBCA
Pudim de coco em pó preparado (Oetker),Produtos açucarados,TBCA
Pudim de leite com calda de caramelo em pó preparado (Oetker),Produtos açucarados,TBCA
Pudim de morango em pó preparado (Oetker),Produtos açucarados,TBCA
Pudim em pó preparado,Produtos açucarados,TBCA
Queijadinha com coco,Produtos açucarados,TBCA
Quindim,Produtos açucarados,TBCA
Rapadura,Produtos açucarados,TBCA
Rocambole recheado com brigadeiro com cobertura de cacau em pó,Produtos açucarados,TBCA
Rocambole recheado com doce de leite com cobertura de açúcar,Produtos açucarados,TBCA
Rocambole recheado com doce de leite e nozes com cobertura de açúcar,Produtos açucarados,TBCA
Sagu,Produtos açucarados,TBCA
Sagu de cereja,Produtos açucarados,TBCA
Sagu de framboesa (Ducoco),Produtos açucarados,TBCA
Sagu de mandioca com suco de uva e açúcar,Produtos açucarados,TBCA
Sagu de mandioca com vinho tinto e açúcar,Produtos açucarados,TBCA
Sagu de morango,Produtos açucarados,TBCA
Sagu de uva,Produtos açucarados,TBCA
Sorvete industrializado,Produtos açucarados,TBCA
Strudel de maçã,Produtos açucarados,TBCA
Suspiro merengue caseiro,Produtos açucarados,TBCA
Suspiro merengue recheado com doce de leite,Produtos açucarados,TBCA
Terrine cappucino,Produtos açucarados,TBCA
Torrone com amêndoas,Produtos açucarados,TBCA
Toucinho do céu,Produtos açucarados,TBCA
Trufa de chocolate com cereja,Produtos açucarados,TBCA
"Trufa de chocolate, cereja e licor",Produtos açucarados,TBCA
Waffle,Produtos açucarados,TBCA
Waffle com morango e mel,Produtos açucarados,TBCA
Xarope de milho,Produtos açucarados,TBCA
Xarope maple,Produtos açucarados,TBCA
Pudim de pão,Produtos açúcarados,TBCA
Sundae,Produtos açúcarados,TBCA
"Abóbora, cabotian, cozida","Verduras, hortaliças e derivados",TACO
"Abóbora, cabotian, crua","Verduras, hortaliças e derivados",TACO
"Abóbora, menina brasileira, crua","Verduras, hortaliças e derivados",TACO
"Abóbora, moranga, crua","Verduras, hortaliças e derivados",TACO
"Abóbora, moranga, refogada","Verduras, hortaliças e derivados",TACO
"Abóbora, pescoço, crua","Verduras, hortaliças e derivados",TACO
"Abobrinha, italiana, cozida","Verduras, hortaliças e derivados",TACO
"Abobrinha, italiana, crua","Verduras, hortaliças e derivados",TACO
"Abobrinha, italiana, refogada","Verduras, hortaliças e derivados",TACO
"Abobrinha, paulista, crua","Verduras, hortaliças e derivados",TACO
"Acelga, crua","Verduras, hortaliças e derivados",TACO
"Agrião, cru","Verduras, hortaliças e derivados",TACO
"Aipo, cru","Verduras, hortaliças e derivados",TACO
"Alface, americana, crua","Verduras, hortaliças e derivados",TACO
"Alface, crespa, crua","Verduras, hortaliças e derivados",TACO
"Alface, lisa, crua","Verduras, hortaliças e derivados",TACO
"Alface, roxa, crua","Verduras, hortaliças e derivados",TACO
"Alfavaca, crua","Verduras, hortaliças e derivados",TACO
"Alho-poró, cru","Verduras, hortaliças e derivados",TACO
"Alho, cru","Verduras, hortaliças e derivados",TACO
"Almeirão, cru","Verduras, hortaliças e derivados",TACO
"Almeirão, refogado","Verduras, hortaliças e derivados",TACO
"Batata, baroa, cozida","Verduras, hortaliças e derivados",TACO
"Batata, baroa, crua","Verduras, hortaliças e derivados",TACO
"Batata, doce, cozida","Verduras, hortaliças e derivados",TACO
"Batata, doce, crua","Verduras, hortaliças e derivados",TACO
"Batata, frita, tipo chips, industrializada","Verduras, hortaliças e derivados",TACO
"Batata, inglesa, cozida","Verduras, hortaliças e derivados",TACO
"Batata, inglesa, crua","Verduras, hortaliças e derivados",TACO
"Batata, inglesa, frita","Verduras, hortaliças e derivados",TACO
"Batata, inglesa, sauté","Verduras, hortaliças e derivados",TACO
"Berinjela, cozida","Verduras, hortaliças e derivados",TACO
"Berinjela, crua","Verduras, hortaliças e derivados",TACO
"Beterraba, cozida","Verduras, hortaliças e derivados",TACO
"Beterraba, crua","Verduras, hortaliças e derivados",TACO
"Biscoito, polvilho doce","Verduras, hortaliças e derivados",TACO
"Brócolis, cozido","Verduras, hortaliças e derivados",TACO
"Brócolis, cru","Verduras, hortaliças e derivados",TACO
"Cará, cozido","Verduras, hortaliças e derivados",TACO
"Cará, cru","Verduras, hortaliças e derivados",TACO
"Caruru, cru","Verduras, hortaliças e derivados",TACO
"Catalonha, crua","Verduras, hortaliças e derivados",TACO
"Catalonha, refogada","Verduras, hortaliças e derivados",TACO
"Cebola, crua","Verduras, hortaliças e derivados",TACO
"Cebolinha, crua","Verduras, hortaliças e derivados",TACO
"Cenoura, cozida","Verduras, hortaliças e derivados",TACO
"Cenoura, crua","Verduras, hortaliças e derivados",TACO
"Chicória, crua","Verduras, hortaliças e derivados",TACO
"Chuchu, cozido","Verduras, hortaliças e derivados",TACO
"Chuchu, cru","Verduras, hortaliças e derivados",TACO
"Coentro, folhas desidratadas","Verduras, hortaliças e derivados",TACO
"Couve-flor, cozida","Verduras, hortaliças e derivados",TACO
"Couve-flor, crua","Verduras, hortaliças e derivados",TACO
"Couve, manteiga, crua","Verduras, hortaliças e derivados",TACO
"Couve, manteiga, refogada ","Verduras, hortaliças e derivados",TACO
"Espinafre, Nova Zelândia, cru","Verduras, hortaliças e derivados",TACO
"Espinafre, Nova Zelândia, refogado","Verduras, hortaliças e derivados",TACO
"Farinha, de mandioca, crua","Verduras, hortaliças e derivados",TACO
"Farinha, de mandioca, torrada","Verduras, hortaliças e derivados",TACO
"Farinha, de puba","Verduras, hortaliças e derivados",TACO
"Fécula, de mandioca","Verduras, hortaliças e derivados",TACO
"Feijão, broto, cru","Verduras, hortaliças e derivados",TACO
"Inhame, cru","Verduras, hortaliças e derivados",TACO
"Jiló, cru","Verduras, hortaliças e derivados",TACO
"Jurubeba, crua","Verduras, hortaliças e derivados",TACO
"Mandioca, cozida","Verduras, hortaliças e derivados",TACO
"Mandioca, crua","Verduras, hortaliças e derivados",TACO
"Mandioca, farofa, temperada","Verduras, hortaliças e derivados",TACO
"Mandioca, frita","Verduras, hortaliças e derivados",TACO
"Manjericão, cru","Verduras, hortaliças e derivados",TACO
"Maxixe, cru","Verduras, hortaliças e derivados",TACO
"Mostarda, folha, crua","Verduras, hortaliças e derivados",TACO
"Nabo, cru","Verduras, hortaliças e derivados",TACO
"Nhoque, batata, cozido","Verduras, hortaliças e derivados",TACO
"Palmito, juçara, em conserva","Verduras, hortaliças e derivados",TACO
"Palmito, pupunha, em conserva","Verduras, hortaliças e derivados",TACO
"Pão, de queijo, assado","Verduras, hortaliças e derivados",TACO
"Pão, de queijo, cru","Verduras, hortaliças e derivados",TACO
"Pepino, cru","Verduras, hortaliças e derivados",TACO
"Pimentão, amarelo, cru","Verduras, hortaliças e derivados",TACO
"Pimentão, verde, cru","Verduras, hortaliças e derivados",TACO
"Pimentão, vermelho, cru","Verduras, hortaliças e derivados",TACO
"Polvilho, doce","Verduras, hortaliças e derivados",TACO
"Quiabo, cru","Verduras, hortaliças e derivados",TACO
"Rabanete, cru","Verduras, hortaliças e derivados",TACO
"Repolho, branco, cru","Verduras, hortaliças e derivados",TACO
"Repolho, roxo, cru","Verduras, hortaliças e derivados",TACO
"Repolho, roxo, refogado","Verduras, hortaliças e derivados",TACO
"Rúcula, crua","Verduras, hortaliças e derivados",TACO
"Salsa, crua","Verduras, hortaliças e derivados",TACO
"Seleta de legumes, enlatada","Verduras, hortaliças e derivados",TACO
"Serralha, crua","Verduras, hortaliças e derivados",TACO
"Taioba, crua","Verduras, hortaliças e derivados",TACO
"Tomate, com semente, cru","Verduras, hortaliças e derivados",TACO
"Tomate, extrato","Verduras, hortaliças e derivados",TACO
"Tomate, molho industrializado","Verduras, hortaliças e derivados",TACO
"Tomate, purê","Verduras, hortaliças e derivados",TACO
"Tomate, salada","Verduras, hortaliças e derivados",TACO
"Vagem, crua","Verduras, hortaliças e derivados",TACO